FlowName,PlainEnglishSummary,TriggerType,ScheduleDetails,ConnectorsUsed,SharePointLocations,SQLServerDatabase,ExcelOrOtherFileLocations,PowerBIWorkspaceDataset,ExternalURLsCalled,EmailRecipients,StepByStepActions,SourceFile
ArrowXL42GearsLicensesReport,"Runs automatically on a schedule. Connects to: Azure Key Vault (secrets/passwords); Microsoft Teams; SharePoint. This flow loops through a list of records, has error-handling logic, calls an external API/website.",Recurrence,Every 1 day(s) at 18:30 (UTC) [Starts: 2025-11-05T08:45:04Z],Azure Key Vault (secrets/passwords); Microsoft Teams; SharePoint,Site: https://zebra.sharepoint.com/sites/StrategicInnovationandAutomation || Site: https://zebra.sharepoint.com/sites/StrategicInnovationandAutomation | Item/Folder: @items('For_each')?['ID'],,,,@outputs('URI'),,Get_secret_APIKEY (uses a connector to do something) -> Get_secret_UID (uses a connector to do something) -> Get_secret_PSWD (uses a connector to do something) -> Scope (groups steps (often error handling)) -> HTTP (calls an external website or API) -> Compose (builds/holds data for later use) -> Parse_JSON (reads structured data from a previous step) -> Get_items (uses a connector to do something) -> For_each (repeats steps for each item in a list) -> Update_item (uses a connector to do something) -> URI (builds/holds data for later use) -> CatchError (groups steps (often error handling)) -> Post_message_in_a_chat_or_channel (uses a connector to do something) -> Filter_array (filters a list of records) -> Error_Message (builds/holds data for later use),ArrowXL42GearsLicensesReport-A0B13F52-9DFA-F011-8406-7CED8D210053.json
ASDAWeeklyChargingIssue,"Runs automatically on a schedule. Connects to: Microsoft Teams; Office 365 Outlook (email); Power BI. This flow has error-handling logic, builds a report (CSV/HTML table).",Recurrence,Every 1 week(s) on Monday at 11:00 (UTC),Microsoft Teams; Office 365 Outlook (email); Power BI,,,,,,,Initialize_variable_–_EndDate (creates a variable) -> Initialize_variable_–_StartDate (creates a variable) -> Email_Footer (builds/holds data for later use) -> Email-TO (builds/holds data for later use) -> Scope (groups steps (often error handling)) -> Compose_–_DAX_Top_Title (builds/holds data for later use) -> Run_Top_Title (uses a connector to do something) -> Compose_–_DAX_Top_Data (builds/holds data for later use) -> Run_a_query_against_a_dataset_–_Top_Data (uses a connector to do something) -> HTML_Top (builds a CSV/HTML report) -> Create_CSV_table_-_Top (builds a CSV/HTML report) -> Top_Title_Value (builds/holds data for later use) -> DAX_Bottom_Title (builds/holds data for later use) -> Run_Bottom_Title (uses a connector to do something) -> Compose_–_DAX_Bottom_Data (builds/holds data for later use) -> Run_a_query_against_a_dataset_-_Bottom_Data (uses a connector to do something) -> HTML_Bottom (builds a CSV/HTML report) -> Create_CSV_table_-_Bottom (builds a CSV/HTML report) -> Bottom_Title_Value (builds/holds data for later use) -> Email_Body (builds/holds data for later use) -> Send_an_email_(V2) (uses a connector to do something) -> ERROR_HANDLING (groups steps (often error handling)) -> Filter_array (filters a list of records) -> COMPOSE-ERROR_MESSAGE (builds/holds data for later use) -> Post_message_in_a_chat_or_channel (uses a connector to do something),ASDAWeeklyChargingIssue-61517DDF-D360-F111-A826-7CED8DD7139C.json
AXLSSIS-MonthlyRepairReport,"Runs automatically on a schedule. Connects to: Microsoft Teams; Office 365 Outlook (email); Power BI; SharePoint. This flow makes decisions based on conditions, has error-handling logic, builds a report (CSV/HTML table).",Recurrence,Every 1 month(s) (UTC) [Starts: 2025-12-01T06:00:00Z],Microsoft Teams; Office 365 Outlook (email); Power BI; SharePoint,"Site: https://zebra.sharepoint.com/sites/DMSBAExternal | Item/Folder: /Shared Documents/ARROWXL/SSIS_MONTHLYREPAIR/@{formatDateTime(utcNow(),'YYYY')}/@{formatDateTime(utcNow(),'MMMM')}",,,,,,varCSVContent (creates a variable) -> EmailTO (builds/holds data for later use) -> EmailCC (builds/holds data for later use) -> Scope (groups steps (often error handling)) -> Run_a_query_against_a_dataset (uses a connector to do something) -> Select (reshapes a list of records) -> Condition (checks a condition and branches) -> Create_CSV_table (builds a CSV/HTML report) -> Set_variable (updates a variable) -> Send_an_email_(V2) (uses a connector to do something) -> Create_HTML_table (builds a CSV/HTML report) -> Compose (builds/holds data for later use) -> Set_variable_1 (updates a variable) -> Create_file (uses a connector to do something) -> Error_Handling (groups steps (often error handling)) -> Post_message_in_a_chat_or_channel (uses a connector to do something) -> FAILED_Send_an_email_(V2) (uses a connector to do something),AXLSSIS-MonthlyRepairReport-9546BF12-AECB-F011-BBD3-6045BDD64A0D.json
AXLTC58-SSISAssetReportPerSite,"Runs automatically on a schedule. Connects to: Microsoft Teams; Office 365 Outlook (email); Power BI; SharePoint. This flow makes decisions based on conditions, has error-handling logic, builds a report (CSV/HTML table).",Recurrence,Every 1 week(s) on Monday at 12:15 (UTC) [Starts: 2026-01-07T01:00:00Z],Microsoft Teams; Office 365 Outlook (email); Power BI; SharePoint,"Site: https://zebra.sharepoint.com/sites/DMSBAExternal | Item/Folder: /Shared Documents/ARROWXL/SSIS_DAILYASSETREPORTS/@{formatDateTime(utcNow(),'yyyy')}/@{formatDateTime(utcNow(),'MMMM')}/@{formatDateTime(utcNow(),'dd')}",,,,,,varCSVContent_WIGAN (creates a variable) -> varCSVContentAIRDRIE (creates a variable) -> varCSVContentCARRICKFERGUS (creates a variable) -> varCSVContentENFIELD85 (creates a variable) -> varCSVContentINVERNESS (creates a variable) -> varCSVContentWORCESTER (creates a variable) -> EmailTO (builds/holds data for later use) -> MasterScope (groups steps (often error handling)) -> Scope_1 (groups steps (often error handling)) -> ConditionWIGAN (checks a condition and branches) -> Create_CSV_table_WIGAN (builds a CSV/HTML report) -> Set_variableWIGAN (updates a variable) -> Set_variable_WIGAN (updates a variable) -> Create_file_1 (uses a connector to do something) -> Run_a_query_against_a_dataset_AIRDRIE (uses a connector to do something) -> SelectAIRDRIE (reshapes a list of records) -> ConditionAIRDRIE (checks a condition and branches) -> Create_CSV_table_AIRDRIE (builds a CSV/HTML report) -> Set_variableAIRDRIE (updates a variable) -> Set_variableAIRDRIE_1 (updates a variable) -> Create_file_1_1 (uses a connector to do something) -> Run_a_query_against_a_dataset_CARRICKFERGUS (uses a connector to do something) -> SelectCARRICKFERGUS (reshapes a list of records) -> ConditionCARRICKFERGUS (checks a condition and branches) -> Create_CSV_table_CARRICKFERGUS (builds a CSV/HTML report) -> Set_variableCARRICKFERGUS (updates a variable) -> Set_variableCARRICKFERGUS_1 (updates a variable) -> Create_file_1_1_1 (uses a connector to do something) -> Run_a_query_against_a_dataset_ENFIELD85 (uses a connector to do something) -> SelectENFIELD85 (reshapes a list of records) -> ConditionENFIELD85 (checks a condition and branches) -> Create_CSV_table_ENFIELD85 (builds a CSV/HTML report) -> Set_variable_ENFIELD85 (updates a variable) -> Set_variable_ENFIELD85_1 (updates a variable) -> Create_file_1_1_1_1 (uses a connector to do something) -> Run_a_query_against_a_dataset_INVERNESS (uses a connector to do something) -> SelectINVERNESS (reshapes a list of records) -> ConditionINVERNESS (checks a condition and branches) -> Create_CSV_table_INVERNESS (builds a CSV/HTML report) -> Set_variableINVERNESS (updates a variable) -> Set_variableINVERNESS_1 (updates a variable) -> Create_file_1_1_1_1_1 (uses a connector to do something) -> Run_a_query_against_a_dataset_WORCESTER (uses a connector to do something) -> SelectWORCESTER (reshapes a list of records) -> ConditionWORCESTER (checks a condition and branches) -> Create_CSV_table_WORCESTER (builds a CSV/HTML report) -> Set_variableWORCESTER (updates a variable) -> Set_variableWORCESTER_1 (updates a variable) -> Create_file (uses a connector to do something) -> SelectWIGAN (reshapes a list of records) -> Run_a_query_against_a_dataset_WIGAN (uses a connector to do something) -> Send_an_email_(V2)ARROW_XL (uses a connector to do something) -> EmailCC (builds/holds data for later use) -> Error_Handling (groups steps (often error handling)) -> Post_message_in_a_chat_or_channel (uses a connector to do something) -> FAILED_Send_an_email_(V2) (uses a connector to do something) -> Success_Alert (groups steps (often error handling)) -> Post_message_in_a_chat_or_channel_2 (uses a connector to do something),AXLTC58-SSISAssetReportPerSite-1E411D19-AECB-F011-BBD3-7C1E5267A40E.json
AXLTC58SSIS-DuplicateDevices,"Runs automatically on a schedule. Connects to: Microsoft Teams; Office 365 Outlook (email); Power BI. This flow makes decisions based on conditions, has error-handling logic, builds a report (CSV/HTML table).",Recurrence,Every 1 day(s),Microsoft Teams; Office 365 Outlook (email); Power BI,,,,,,,Initialize_variable_varCSVContent (creates a variable) -> EmailTO (builds/holds data for later use) -> EmailCC (builds/holds data for later use) -> Error_Handling (groups steps (often error handling)) -> Post_message_in_a_chat_or_channel (uses a connector to do something) -> FAILED_Send_an_email_(V2) (uses a connector to do something) -> Scope (groups steps (often error handling)) -> Run_a_query_against_a_dataset (uses a connector to do something) -> Select (reshapes a list of records) -> Condition (checks a condition and branches) -> Create_CSV_table (builds a CSV/HTML report) -> Set_variable (updates a variable) -> Create_HTML_table (builds a CSV/HTML report) -> Compose (builds/holds data for later use) -> Send_an_email_(V2) (uses a connector to do something),AXLTC58SSIS-DuplicateDevices-9446BF12-AECB-F011-BBD3-6045BDD64A0D.json
AXLTC58SSIS-LostDevices,"Runs automatically on a schedule. Connects to: Microsoft Teams; Office 365 Outlook (email); Power BI; SharePoint. This flow makes decisions based on conditions, has error-handling logic, builds a report (CSV/HTML table).",Recurrence,Every 1 day(s) at 15:30 (UTC) [Starts: 2025-12-05T01:00:00Z],Microsoft Teams; Office 365 Outlook (email); Power BI; SharePoint,"Site: https://zebra.sharepoint.com/sites/DMSBAExternal | Item/Folder: /Shared Documents/ARROWXL/SSIS_LOSTDEVICES/@{formatDateTime(utcNow(), 'yyyy')}/@{formatDateTime(utcNow(), 'MM-MMMM')}",,,,,,varCSVContent (creates a variable) -> EmailTO (builds/holds data for later use) -> EmailCC (builds/holds data for later use) -> Scope (groups steps (often error handling)) -> Run_a_query_against_a_dataset (uses a connector to do something) -> Select (reshapes a list of records) -> Condition (checks a condition and branches) -> Create_CSV_table (builds a CSV/HTML report) -> Set_variable (updates a variable) -> Set_variable_1 (updates a variable) -> Create_file (uses a connector to do something) -> 1st_Of_Month (checks a condition and branches) -> Send_an_email_(V2) (uses a connector to do something) -> Terminate (stops the flow) -> Error_Handling (groups steps (often error handling)) -> Post_message_in_a_chat_or_channel (uses a connector to do something) -> FAILED_Send_an_email_(V2) (uses a connector to do something),AXLTC58SSIS-LostDevices-3C562213-AECB-F011-BBD3-7C1E5267A40E.json
AXLTC58SSIS-LostDevicesBackOnline,"Runs automatically on a schedule. Connects to: Office 365 Outlook (email); Power BI; SharePoint. This flow makes decisions based on conditions, builds a report (CSV/HTML table).",Recurrence,Every 1 day(s) at 02:00 (UTC) [Starts: 2025-12-05T01:00:00Z],Office 365 Outlook (email); Power BI; SharePoint,Site: https://zebra.sharepoint.com/sites/DMSBAExternal | Item/Folder: /Shared Documents/ARROWXL/SSIS_LOSTDEVICEBACKONLINE,,,,,,Run_a_query_against_a_dataset (uses a connector to do something) -> varCSVContent (creates a variable) -> Select (reshapes a list of records) -> Condition (checks a condition and branches) -> Create_CSV_table (builds a CSV/HTML report) -> Set_variable (updates a variable) -> Send_an_email_(V2) (uses a connector to do something) -> Set_variable_1 (updates a variable) -> Create_file (uses a connector to do something) -> Email_To (builds/holds data for later use) -> Email_CC (builds/holds data for later use),AXLTC58SSIS-LostDevicesBackOnline-00562213-AECB-F011-BBD3-7C1E5267A40E.json
AXLTC58SSIS-MSRAsset,"Runs automatically on a schedule. Connects to: Microsoft Teams; Office 365 Outlook (email); Power BI; SharePoint. This flow makes decisions based on conditions, has error-handling logic, builds a report (CSV/HTML table).",Recurrence,Every 1 month(s) (UTC) [Starts: 2026-02-01T09:00:00Z],Microsoft Teams; Office 365 Outlook (email); Power BI; SharePoint,"Site: https://zebra.sharepoint.com/sites/DMSBAExternal | Item/Folder: /Shared Documents/ARROWXL/SSIS_MSR/@{formatDateTime(utcNow(),'yyyy')}/@{formatDateTime(utcNow(),'MMMM')}",,,,,,Initialize_variable_varCSVContent (creates a variable) -> EmailTO (builds/holds data for later use) -> EmailCC (builds/holds data for later use) -> Scope (groups steps (often error handling)) -> Run_a_query_against_a_dataset (uses a connector to do something) -> Select (reshapes a list of records) -> Condition (checks a condition and branches) -> Create_CSV_table (builds a CSV/HTML report) -> Set_variable (updates a variable) -> Create_HTML_table (builds a CSV/HTML report) -> Compose (builds/holds data for later use) -> Send_an_email_(V2) (uses a connector to do something) -> Create_file (uses a connector to do something) -> Error_Handling (groups steps (often error handling)) -> Post_message_in_a_chat_or_channel (uses a connector to do something) -> FAILED_Send_an_email_(V2) (uses a connector to do something),AXLTC58SSIS-MSRAsset-DC53A973-29D1-F011-BBD3-7C1E5267A40E.json
AXLTC58SSIS-OutOfContactsDevices,"Runs automatically on a schedule. Connects to: Office 365 Outlook (email); Power BI; SharePoint. This flow makes decisions based on conditions, builds a report (CSV/HTML table).",Recurrence,Every 1 month(s) (UTC) [Starts: 2025-12-15T16:00:00Z],Office 365 Outlook (email); Power BI; SharePoint,"Site: https://zebra.sharepoint.com/sites/DMSBAExternal | Item/Folder: /Shared Documents/ARROWXL/SSIS_OUTOFCONTACTDEVICES/@{formatDateTime(utcNow(),'yyyy')}/@{formatDateTime(utcNow(),'MMMM')}",,,,,,Run_a_query_against_a_dataset (uses a connector to do something) -> Initialize_variable_varCSVContent (creates a variable) -> Select (reshapes a list of records) -> Condition (checks a condition and branches) -> Create_CSV_table (builds a CSV/HTML report) -> Set_variable (updates a variable) -> Create_HTML_table (builds a CSV/HTML report) -> Compose (builds/holds data for later use) -> Send_an_email_(V2) (uses a connector to do something) -> Set_variable_1 (updates a variable) -> Create_file (uses a connector to do something) -> EmailTO (builds/holds data for later use) -> EmailCC (builds/holds data for later use),AXLTC58SSIS-OutOfContactsDevices-3B562213-AECB-F011-BBD3-7C1E5267A40E.json
AXLTC80SSIS-MSRAsset,"Runs automatically on a schedule. Connects to: Microsoft Teams; Office 365 Outlook (email); Power BI; SharePoint. This flow makes decisions based on conditions, has error-handling logic, builds a report (CSV/HTML table).",Recurrence,Every 1 month(s) (UTC) [Starts: 2026-02-01T09:00:00Z],Microsoft Teams; Office 365 Outlook (email); Power BI; SharePoint,"Site: https://zebra.sharepoint.com/sites/DMSBAExternal | Item/Folder: /Shared Documents/ARROWXL/SSIS_MSR/@{formatDateTime(utcNow(),'yyyy')}/@{formatDateTime(utcNow(),'MMMM')}",,,,,,Initialize_variable_varCSVContent (creates a variable) -> EmailTO (builds/holds data for later use) -> EmailCC (builds/holds data for later use) -> Scope (groups steps (often error handling)) -> Run_a_query_against_a_dataset (uses a connector to do something) -> Select (reshapes a list of records) -> Condition (checks a condition and branches) -> Create_CSV_table (builds a CSV/HTML report) -> Set_variable (updates a variable) -> Create_HTML_table (builds a CSV/HTML report) -> Compose (builds/holds data for later use) -> Send_an_email_(V2) (uses a connector to do something) -> Create_file (uses a connector to do something) -> Error_Handling (groups steps (often error handling)) -> Post_message_in_a_chat_or_channel (uses a connector to do something) -> FAILED_Send_an_email_(V2) (uses a connector to do something),AXLTC80SSIS-MSRAsset-845F7E64-28D1-F011-BBD3-6045BDD64A0D.json
BlueDartRefreshStockVisibilityandReporting,Runs automatically on a schedule. Connects to: Microsoft Teams; Power BI. This flow has error-handling logic.,Recurrence,Every 1 day(s) at 13:15 (UTC) [Starts: 2025-05-05T15:00:00Z],Microsoft Teams; Power BI,,,,,,,Error_Handling (groups steps (often error handling)) -> Post_message_in_a_chat_or_channel (uses a connector to do something) -> Filter_array (filters a list of records) -> Error_Message (builds/holds data for later use) -> Scope (groups steps (often error handling)) -> Refresh_a_dataset (uses a connector to do something),BlueDartRefreshStockVisibilityandReporting-C873A3DB-C9F6-F011-8406-7CED8D210053.json
BlueDartSOTILicenseInformation,"Runs automatically on a schedule. Connects to: Azure Key Vault (secrets/passwords); Microsoft Teams; SharePoint. This flow loops through a list of records, has error-handling logic, calls an external API/website.",Recurrence,Every 1 day(s) at 01:00 (UTC),Azure Key Vault (secrets/passwords); Microsoft Teams; SharePoint,Site: https://zebra.sharepoint.com/sites/StrategicInnovationandAutomation || Site: https://zebra.sharepoint.com/sites/StrategicInnovationandAutomation | Item/Folder: @items('For_each')?['ID'],,,,https://mlmsti47.zebra.com/MobiControl/api/token || https://mlmsti47.zebra.com:443/MobiControl/api/license,,Get_secret_ClientIDSecret (uses a connector to do something) -> Get_secretPSWD (uses a connector to do something) -> EmailTO (builds/holds data for later use) -> EmailCC (builds/holds data for later use) -> Scope (groups steps (often error handling)) -> HTTP_License (calls an external website or API) -> Parse_JSON (reads structured data from a previous step) -> Compose (builds/holds data for later use) -> Get_items (uses a connector to do something) -> For_each (repeats steps for each item in a list) -> Update_item (uses a connector to do something) -> ClientIDSecret (creates a variable) -> UID (creates a variable) -> Password (creates a variable) -> EncodeSecret (builds/holds data for later use) -> HTTP (calls an external website or API) -> TokenParse_JSON (reads structured data from a previous step) -> AccessToken (creates a variable) -> Error_Handling (groups steps (often error handling)) -> Post_message_in_a_chat_or_channel (uses a connector to do something),BlueDartSOTILicenseInformation-797F75B5-80E5-F011-8544-7C1E5267A40E.json
BLUEDARTWeeklyOfflineDevices,"Runs automatically on a schedule. Connects to: Microsoft Teams; Office 365 Outlook (email); Power BI; SharePoint. This flow makes decisions based on conditions, has error-handling logic, builds a report (CSV/HTML table).",Recurrence,Every 1 week(s) on Wednesday at 02:30 (UTC) [Starts: 2025-12-31T07:00:00Z],Microsoft Teams; Office 365 Outlook (email); Power BI; SharePoint,"Site: https://zebra.sharepoint.com/sites/DMSBAExternal | Item/Folder: /Shared Documents/BLUEDART/WEEKLYOFFLINE/@{formatDateTime(utcNow(),'yyyy')}/@{formatDateTime(utcNow(),'MMMM')}",,,,,,varCSVContent (creates a variable) -> Error_Handling (groups steps (often error handling)) -> Post_message_in_a_chat_or_channel (uses a connector to do something) -> FAILED_Send_an_email_(V2) (uses a connector to do something) -> EmailTO (builds/holds data for later use) -> EmailCC (builds/holds data for later use) -> Scope (groups steps (often error handling)) -> Run_a_query_against_a_dataset (uses a connector to do something) -> Select (reshapes a list of records) -> Condition (checks a condition and branches) -> Create_CSV_table (builds a CSV/HTML report) -> Set_variable (updates a variable) -> Create_HTML_table (builds a CSV/HTML report) -> Compose (builds/holds data for later use) -> Send_an_email_(V2) (uses a connector to do something) -> Export_To_File_for_Power_BI_Reports (uses a connector to do something) -> Compose_barchart (builds/holds data for later use) -> Set_variable_1 (updates a variable) -> Create_file (uses a connector to do something) -> Compose_FinalTableForEmail (builds/holds data for later use) -> ComposePivotTable (builds/holds data for later use) -> OfflineDevicePerSite (uses a connector to do something) -> SelectPivotTable (reshapes a list of records) -> PivotDataArray (creates a variable) -> Append_to_array_variable (adds an item to a list in memory) -> Create_HTML_PivotTable (builds a CSV/HTML report),BLUEDARTWeeklyOfflineDevices-8A0A365D-30E6-F011-8544-6045BDD64A0D.json
BlueDartWeeklyRepairandDamageReport,"Runs automatically on a schedule. Connects to: Microsoft Teams; Office 365 Outlook (email); Power BI. This flow makes decisions based on conditions, has error-handling logic, builds a report (CSV/HTML table).",Recurrence,Every 1 week(s) on Friday at 08:05 (Singapore Standard Time),Microsoft Teams; Office 365 Outlook (email); Power BI,,,,,,,Scope (groups steps (often error handling)) -> Run_a_query_against_a_LostBERdataset (uses a connector to do something) -> LostBERSelect (reshapes a list of records) -> RepairCondition (checks a condition and branches) -> Set_variableLostBERBlank (updates a variable) -> Create_HTML_LostBERtable (builds a CSV/HTML report) -> LostBERCompose (builds/holds data for later use) -> Create_CSV_LostBERtable (builds a CSV/HTML report) -> Set_variableLostBER (updates a variable) -> Run_a_query_against_a_Damageddataset (uses a connector to do something) -> DamageSelect (reshapes a list of records) -> DamageCondition (checks a condition and branches) -> Set_variableDamagedBlank (updates a variable) -> Create_HTML_Damagedtable (builds a CSV/HTML report) -> DamagedCompose (builds/holds data for later use) -> Create_CSV_Damagedtable (builds a CSV/HTML report) -> Set_variableDamaged (updates a variable) -> Send_an_email_(V2) (uses a connector to do something) -> 38300657DamageData (uses a connector to do something) -> 38236918LostData (uses a connector to do something) -> 38300657Lost_Data (uses a connector to do something) -> 38236918DamageData (uses a connector to do something) -> Select-38300657Lost_Data (reshapes a list of records) -> Select-38300657DamageData (reshapes a list of records) -> Select-38236918LostData (reshapes a list of records) -> Select-38236918DamageData (reshapes a list of records) -> CreateHTMLtable38300657LostData (builds a CSV/HTML report) -> CreateHTMLtable38300657DamageData (builds a CSV/HTML report) -> CreateHTMLtable38236918LostData (builds a CSV/HTML report) -> CreateHTMLtable38236918DamageData (builds a CSV/HTML report) -> Compose38300657LostStyled (builds/holds data for later use) -> Compose38300657DamageStyled (builds/holds data for later use) -> Compose38236918LostStyled (builds/holds data for later use) -> Compose38236918DamageStyled (builds/holds data for later use) -> Compose (builds/holds data for later use) -> Compose_Title_38300657_Lost (builds/holds data for later use) -> Compose_Title_38300657_Damage (builds/holds data for later use) -> Compose_Title_38236918_Lost (builds/holds data for later use) -> Compose_Title_38236918_Damage (builds/holds data for later use) -> EmailTO (builds/holds data for later use) -> CatchError (groups steps (often error handling)) -> Post_message_in_a_chat_or_channel (uses a connector to do something) -> Filter_array (filters a list of records) -> Error_Message (builds/holds data for later use) -> varCSVContentLostBER (creates a variable) -> varCSVContentDamaged (creates a variable) -> EmailCC (builds/holds data for later use) -> EmailFooter-Internal (builds/holds data for later use),BlueDartWeeklyRepairandDamageReport-5D8A0CFC-6D1C-F111-8341-000D3A8F644D.json
Child-DHLEVRIPremiumRMACleanUpasperRepairData,"Runs when called by another app, flow, or system. Connects to: Azure Key Vault (secrets/passwords); Microsoft Teams; Office 365 Outlook (email); Power BI. This flow loops through a list of records, makes decisions based on conditions, has error-handling logic, calls an external API/website, builds a report (CSV/HTML table).",Request,,Azure Key Vault (secrets/passwords); Microsoft Teams; Office 365 Outlook (email); Power BI,,,,,@{outputs('URI')}api/devices/@{items('Apply_to_each')?['Device ID']} || @{outputs('URI')}api/token,,HTTP (calls an external website or API) -> ClientIDSecret (creates a variable) -> EncodeSecret (builds/holds data for later use) -> TokenParse_JSON (reads structured data from a previous step) -> Get_secret_ClientID (uses a connector to do something) -> Get_secret_ClientCS (uses a connector to do something) -> EmailTo (builds/holds data for later use) -> EmailCC (builds/holds data for later use) -> Error_Handling (groups steps (often error handling)) -> Post_message_in_a_chat_or_channel (uses a connector to do something) -> Filter_array (filters a list of records) -> Error_Message (builds/holds data for later use) -> Scope (groups steps (often error handling)) -> Condition_PreDeletionList (checks a condition and branches) -> Terminate (stops the flow) -> Apply_to_each (repeats steps for each item in a list) -> HTTP_DeleteDevice (calls an external website or API) -> Append_to_array_variable-DeletedSuccessList (adds an item to a list in memory) -> Append_to_array_variable-DeletedFailedList (adds an item to a list in memory) -> Send_an_email_(V2) (uses a connector to do something) -> Delay (pauses the flow) -> Compose_-_Success_Count (builds/holds data for later use) -> Compose_-_Failed_Count (builds/holds data for later use) -> Compose_-_Success_HTML (builds/holds data for later use) -> Compose_-_Failed_HTML (builds/holds data for later use) -> Respond_to_a_Power_App_or_flow (sends a response back to the caller) -> AccessToken (creates a variable) -> DHLCountRMAReceivedByZebra (uses a connector to do something) -> Offlinemorethan40days (creates a variable) -> DHLRMAReceivedByZebra (uses a connector to do something) -> SelectDHLOfflineMoreThan40Days (reshapes a list of records) -> Create_HTML_table (builds a CSV/HTML report) -> Compose (builds/holds data for later use) -> Create_CSV_table (builds a CSV/HTML report) -> Get_secretUID (uses a connector to do something) -> Get_secretPSWD (uses a connector to do something) -> Compose_-_DeviceCount (builds/holds data for later use) -> URI (builds/holds data for later use) -> EmailFooter-Internal (builds/holds data for later use) -> DeletedSuccessList (creates a variable) -> DeletedFailedList (creates a variable),Child-DHLEVRIPremiumRMACleanUpasperRepairData-EBE1A530-D243-F111-88B5-000D3A8F644D.json
Child-Hydrite42GGetDeviceLogs,"Runs when called by another app, flow, or system. Connects to: Office 365 Outlook (email); SharePoint. This flow loops through a list of records, calls an external API/website.",Request,,Office 365 Outlook (email); SharePoint,Site: https://zebra.sharepoint.com/sites/MS&SS | Item/Folder: /HYDRITE CHEMICAL/5. DEVICE LOGS || Site: https://zebra.sharepoint.com/sites/StrategicInnovationandAutomation,,,,https://zebramdm.42gears.com/api/devicelog/@{items('Apply_to_each')?['Device_ID']},,Initialize_variable (creates a variable) -> Get_items (uses a connector to do something) -> Apply_to_each (repeats steps for each item in a list) -> HTTP (calls an external website or API) -> Send_an_email_(V2) (uses a connector to do something) -> Create_file (uses a connector to do something) -> Respond_to_a_Power_App_or_flow (sends a response back to the caller),Child-Hydrite42GGetDeviceLogs-1F333CF2-5EC5-F011-BBD3-7C1E5267A40E.json
Child-HYDRITE42GGetDeviceLogs,"Runs when called by another app, flow, or system. Connects to: Office 365 Outlook (email); SharePoint. This flow loops through a list of records, calls an external API/website.",Request,,Office 365 Outlook (email); SharePoint,Site: https://zebra.sharepoint.com/sites/MS&SS | Item/Folder: /HYDRITE CHEMICAL/5. DEVICE LOGS || Site: https://zebra.sharepoint.com/sites/StrategicInnovationandAutomation,,,,https://zebramdm.42gears.com/api/devicelog/@{items('Apply_to_each')?['Device_ID']},,Initialize_variable (creates a variable) -> Get_items (uses a connector to do something) -> Apply_to_each (repeats steps for each item in a list) -> HTTP (calls an external website or API) -> Send_an_email_(V2) (uses a connector to do something) -> Create_file (uses a connector to do something) -> Respond_to_a_Power_App_or_flow (sends a response back to the caller),Child-HYDRITE42GGetDeviceLogs-592D864A-8ECF-F011-BBD3-6045BDD64A0D.json
Child-PILOTTRAVEL42GGetDeviceLogs,"Runs when called by another app, flow, or system. Connects to: Office 365 Outlook (email); SharePoint. This flow loops through a list of records, calls an external API/website.",Request,,Office 365 Outlook (email); SharePoint,Site: https://zebra.sharepoint.com/sites/MS&SS | Item/Folder: /Pilot Company/5. DEVICE LOGS || Site: https://zebra.sharepoint.com/sites/StrategicInnovationandAutomation,,,,https://zebramdm.42gears.com/api/devicelog/@{items('Apply_to_each')?['Device_ID']},,Initialize_variable (creates a variable) -> Get_items (uses a connector to do something) -> Apply_to_each (repeats steps for each item in a list) -> HTTP (calls an external website or API) -> Send_an_email_(V2) (uses a connector to do something) -> Create_file (uses a connector to do something) -> Respond_to_a_Power_App_or_flow (sends a response back to the caller),Child-PILOTTRAVEL42GGetDeviceLogs-9D1E74A9-6AC5-F011-BBD3-6045BDD64A0D.json
Child-RM42GGetDeviceLogs,"Runs when called by another app, flow, or system. Connects to: Azure Key Vault (secrets/passwords); Office 365 Outlook (email); SharePoint. This flow loops through a list of records, calls an external API/website.",Request,,Azure Key Vault (secrets/passwords); Office 365 Outlook (email); SharePoint,Site: https://zebra.sharepoint.com/sites/MS%26SS | Item/Folder: /RMG/6. DEVICE LOGS || Site: https://zebra.sharepoint.com/sites/StrategicInnovationandAutomation,,,,https://zebrams001.eu.suremdm.io/api/devicelog/@{items('Apply_to_each')?['Device_ID']},,uid (uses a connector to do something) -> pswd (uses a connector to do something) -> Initialize_variable (creates a variable) -> Get_items (uses a connector to do something) -> Apply_to_each (repeats steps for each item in a list) -> HTTP (calls an external website or API) -> Create_file (uses a connector to do something) -> Send_an_email_(V2) (uses a connector to do something) -> Respond_to_a_Power_App_or_flow (sends a response back to the caller),Child-RM42GGetDeviceLogs-E3AC3D3E-A9C4-F011-BBD3-7C1E5267A40E.json
Child-RM42GGetDeviceLogsv2,"Runs when called by another app, flow, or system. Connects to: Azure Key Vault (secrets/passwords); Office 365 Outlook (email); SharePoint. This flow loops through a list of records, calls an external API/website.",Request,,Azure Key Vault (secrets/passwords); Office 365 Outlook (email); SharePoint,Site: https://zebra.sharepoint.com/sites/MS&SS | Item/Folder: /RMG/6. DEVICE LOGS || Site: https://zebra.sharepoint.com/sites/StrategicInnovationandAutomation,,,,https://zebrams001.eu.suremdm.io/api/devicelog/@{items('Apply_to_each')?['Device_ID']},,Initialize_variable (creates a variable) -> Get_items (uses a connector to do something) -> Apply_to_each (repeats steps for each item in a list) -> HTTP (calls an external website or API) -> Send_an_email_(V2) (uses a connector to do something) -> Create_file (uses a connector to do something) -> uid (uses a connector to do something) -> pswd (uses a connector to do something) -> Respond_to_a_Power_App_or_flow (sends a response back to the caller),Child-RM42GGetDeviceLogsv2-6C86AB20-E8C5-F011-BBD3-7C1E5267A40E.json
Child-RMGBatteryDecommissioningYellowMessage,"Runs automatically on a schedule. Connects to: Azure Key Vault (secrets/passwords); Microsoft Teams; Office 365 Outlook (email); Power BI. This flow loops through a list of records, makes decisions based on conditions, has error-handling logic, calls an external API/website, builds a report (CSV/HTML table).",Recurrence,Every 1 week(s) on Wednesday at 00:15 (UTC),Azure Key Vault (secrets/passwords); Microsoft Teams; Office 365 Outlook (email); Power BI,,,,,@outputs('URI'),,Get_secret_-_Key (uses a connector to do something) -> Get_secret_UID (uses a connector to do something) -> Get_secret_PSWD (uses a connector to do something) -> YellowMsg_Count (uses a connector to do something) -> Compose-YellowMessage (builds/holds data for later use) -> URI (builds/holds data for later use) -> SuccessListYM (creates a variable) -> FailedListYM (creates a variable) -> RedMsg_Count (uses a connector to do something) -> Compose-RedMessage (builds/holds data for later use) -> Scope (groups steps (often error handling)) -> Condition-RedMessage (checks a condition and branches) -> Run_a_query_against_a_dataset_-_RedMsg (uses a connector to do something) -> Select-RedMsg (reshapes a list of records) -> Create_CSV_table-RedMsgDevices (builds a CSV/HTML report) -> Run_a_query_against_a_dataset_-_RedMsgJobID (uses a connector to do something) -> Filter_array-RedMsgJobId (filters a list of records) -> Compose-RedMsgJobId (builds/holds data for later use) -> Apply_to_each-RedMsg (repeats steps for each item in a list) -> HTTP_Apply_RM_Job (calls an external website or API) -> ConditionRM (checks a condition and branches) -> Append_to_array_variable-RMSuccess (adds an item to a list in memory) -> Append_to_array_variable-RMFailed (adds an item to a list in memory) -> Delay_RedMsg (pauses the flow) -> Create_HTML_table_-_RMSuccess (builds a CSV/HTML report) -> Create_HTML_table_-_RMFailed (builds a CSV/HTML report) -> Send_an_email_(V2)_-_RedMessage (uses a connector to do something) -> Post_message_in_a_chat_or_channel-RedMessageStatus (uses a connector to do something) -> Post_message_in_a_chat_or_channel-RedMessage (uses a connector to do something) -> Condition-YellowMessage (checks a condition and branches) -> Run_a_query_against_a_dataset_-_YellowMsg (uses a connector to do something) -> Run_a_query_against_a_dataset_-_YellowMsgJobID (uses a connector to do something) -> Select-YellowMsg (reshapes a list of records) -> Filter_array-YellowMsgJobId (filters a list of records) -> Compose-YellowMsgJobId (builds/holds data for later use) -> Create_CSV_table-YellowMsgDevices (builds a CSV/HTML report) -> Apply_to_each-YellowMsg (repeats steps for each item in a list) -> HTTP_Apply_YM_Job (calls an external website or API) -> ConditionYM (checks a condition and branches) -> Append_to_array_variable-YMSuccess (adds an item to a list in memory) -> Append_to_array_variable-YMFailed (adds an item to a list in memory) -> Delay_YellowMsg (pauses the flow) -> Create_HTML_table_-_YMFailed (builds a CSV/HTML report) -> Create_HTML_table_-_YMSuccess (builds a CSV/HTML report) -> Send_an_email_(V2)_-_YellowMessage (uses a connector to do something) -> Post_message_in_a_chat_or_channel-YellowMessageStatus (uses a connector to do something) -> Post_message_in_a_chat_or_channel-YellowMessage (uses a connector to do something) -> Scope_-_CATCH_(Error_Handler) (groups steps (often error handling)) -> Post_message_in_a_chat_or_channel-FAILED (uses a connector to do something) -> Filter_array (filters a list of records) -> Delay_Until (pauses the flow),Child-RMGBatteryDecommissioningYellowMessage-9D78155C-9335-F111-88B5-000D3A8F644D.json
CHILDEVRIPremiumDELETEOffline60DaysLostDevices,"Runs when called by another app, flow, or system. Connects to: Azure Key Vault (secrets/passwords); Microsoft Teams; Office 365 Outlook (email); Power BI. This flow loops through a list of records, has error-handling logic, calls an external API/website, builds a report (CSV/HTML table).",Request,,Azure Key Vault (secrets/passwords); Microsoft Teams; Office 365 Outlook (email); Power BI,,,,,@{outputs('URI')}devices/@{items('Apply_to_each')?['DeviceID']} || @{outputs('URI')}token,,HTTP (calls an external website or API) -> TokenParse_JSON (reads structured data from a previous step) -> AccessToken (creates a variable) -> Offlinemorethan60days (creates a variable) -> CountOfflineGT60Days (uses a connector to do something) -> GetsecretCIDCS (uses a connector to do something) -> GetsecretUID (uses a connector to do something) -> Get_secretPSWD (uses a connector to do something) -> URI (builds/holds data for later use) -> ClientIDSecret (creates a variable) -> EncodeSecret (builds/holds data for later use) -> DeletedSuccessList (creates a variable) -> DeletedFailedList (creates a variable) -> Scope (groups steps (often error handling)) -> OfflineGT60Days (uses a connector to do something) -> SelectGT60Days (reshapes a list of records) -> Create_CSV_tableGT60Days (builds a CSV/HTML report) -> Create_HTML_table (builds a CSV/HTML report) -> Compose (builds/holds data for later use) -> Apply_to_each (repeats steps for each item in a list) -> HTTP_DeleteDevice (calls an external website or API) -> Append_to_array_variable-DeletedSuccessList (adds an item to a list in memory) -> Append_to_array_variable-DeletedFailedList (adds an item to a list in memory) -> Compose_-_Success_Count (builds/holds data for later use) -> Compose_-_Failed_Count (builds/holds data for later use) -> Compose_-_Success_HTML (builds/holds data for later use) -> Compose_-_Failed_HTML (builds/holds data for later use) -> Respond_to_a_Power_App_or_flow (sends a response back to the caller) -> Send_an_email_(V2) (uses a connector to do something) -> ERROR_Handling (groups steps (often error handling)) -> Post_FAILED_message_in_a_chat_or_channel_1 (uses a connector to do something) -> Error_Message (builds/holds data for later use) -> Filter_array (filters a list of records) -> Post_FAILED_message_in_a_chat_or_channel_1_1 (uses a connector to do something),CHILDEVRIPremiumDELETEOffline60DaysLostDevices-DE022694-002E-F111-88B3-7CED8DD7139C.json
ConsumSOTILicenseInformation,"Runs automatically on a schedule. Connects to: Azure Key Vault (secrets/passwords); Microsoft Teams; Office 365 Outlook (email); SharePoint. This flow loops through a list of records, has error-handling logic, calls an external API/website.",Recurrence,Every 1 day(s) at 01:00 (UTC),Azure Key Vault (secrets/passwords); Microsoft Teams; Office 365 Outlook (email); SharePoint,Site: https://zebra.sharepoint.com/sites/StrategicInnovationandAutomation || Site: https://zebra.sharepoint.com/sites/StrategicInnovationandAutomation | Item/Folder: @items('For_each')?['ID'],,,,https://mlmsti09app01.zebra.com/MobiControl/api/token || https://mlmsti09app01.zebra.com:443/MobiControl/api/license,,HTTP (calls an external website or API) -> ClientIDSecret (creates a variable) -> EncodeSecret (builds/holds data for later use) -> UID (creates a variable) -> Password (creates a variable) -> TokenParse_JSON (reads structured data from a previous step) -> AccessToken (creates a variable) -> Get_secret_ClientIDSecret (uses a connector to do something) -> Get_secretPSWD (uses a connector to do something) -> Scope (groups steps (often error handling)) -> HTTP_License (calls an external website or API) -> Parse_JSON (reads structured data from a previous step) -> Compose (builds/holds data for later use) -> Get_items (uses a connector to do something) -> For_each (repeats steps for each item in a list) -> Update_item (uses a connector to do something) -> Error_Handling (groups steps (often error handling)) -> Post_message_in_a_chat_or_channel (uses a connector to do something) -> FAILED_Send_an_email_(V2) (uses a connector to do something) -> Get_secretUID (uses a connector to do something) -> Get_PSWD (uses a connector to do something),ConsumSOTILicenseInformation-EDEA3914-10CD-F011-BBD3-6045BDD64A0D.json
ConsumSSIS-LostDevices,"Runs automatically on a schedule. Connects to: Office 365 Outlook (email); Power BI; SharePoint. This flow makes decisions based on conditions, builds a report (CSV/HTML table).",Recurrence,Every 1 day(s) at 08:00 (UTC) [Starts: 2025-11-27T00:00Z],Office 365 Outlook (email); Power BI; SharePoint,"Site: https://zebra.sharepoint.com/sites/DMSBAExternal | Item/Folder: /Shared Documents/CONSUM/SSIS_LOSTANDSTOLENDEVICE/DAILYLOSTDEVICES/@{formatDateTime(utcNow(), 'yyyy')}/@{formatDateTime(utcNow(), 'MM-MMMM')}",,,,,,Run_a_query_against_a_dataset (uses a connector to do something) -> varCSVContent (creates a variable) -> Select (reshapes a list of records) -> Condition (checks a condition and branches) -> Create_CSV_table (builds a CSV/HTML report) -> Set_variable (updates a variable) -> Send_an_email_(V2) (uses a connector to do something) -> Create_HTML_table (builds a CSV/HTML report) -> Compose (builds/holds data for later use) -> Set_variable_1 (updates a variable) -> Create_file (uses a connector to do something),ConsumSSIS-LostDevices-24DB52DF-19CD-F011-BBD3-7C1E5267A40E.json
ConsumSSIS-LostDevicesFound,"Runs automatically on a schedule. Connects to: Office 365 Outlook (email); Power BI; SharePoint. This flow makes decisions based on conditions, builds a report (CSV/HTML table).",Recurrence,Every 1 day(s) at 01:30 (UTC) [Starts: 2025-11-27T00:00Z],Office 365 Outlook (email); Power BI; SharePoint,"Site: https://zebra.sharepoint.com/sites/DMSBAExternal | Item/Folder: /Shared Documents/CONSUM/SSIS_LOSTDEVICEBACKONLINE/@{formatDateTime(utcNow(),'yyyy')}/@{formatDateTime(utcNow(),'MMMM')}",,,,,,Run_a_query_against_a_dataset (uses a connector to do something) -> varCSVContent (creates a variable) -> Select (reshapes a list of records) -> Condition (checks a condition and branches) -> Create_CSV_table (builds a CSV/HTML report) -> Set_variable (updates a variable) -> Create_HTML_table (builds a CSV/HTML report) -> Compose (builds/holds data for later use) -> Send_an_email_(V2) (uses a connector to do something) -> Set_variable_1 (updates a variable) -> Create_file (uses a connector to do something),ConsumSSIS-LostDevicesFound-DD024821-2CCD-F011-BBD3-6045BDD64A0D.json
ConsumSSIS-MonthlyAssetReport,"Runs automatically on a schedule. Connects to: Microsoft Teams; Office 365 Outlook (email); Power BI; SharePoint. This flow makes decisions based on conditions, has error-handling logic, builds a report (CSV/HTML table).",Recurrence,Every 1 month(s) (UTC) [Starts: 2026-01-01T17:00:00Z],Microsoft Teams; Office 365 Outlook (email); Power BI; SharePoint,"Site: https://zebra.sharepoint.com/sites/DMSBAExternal | Item/Folder: /Shared Documents/CONSUM/SSIS_MONTHLYASSETREPORT/@{formatDateTime(utcNow(),'yyyy')}/@{formatDateTime(utcNow(),'MMMM')}",,,,,,varCSVContent (creates a variable) -> EmailTO (builds/holds data for later use) -> EmailCC (builds/holds data for later use) -> Scope (groups steps (often error handling)) -> Run_a_query_against_a_dataset (uses a connector to do something) -> Select (reshapes a list of records) -> Condition (checks a condition and branches) -> Create_CSV_table (builds a CSV/HTML report) -> Set_variable (updates a variable) -> Create_HTML_table (builds a CSV/HTML report) -> Compose (builds/holds data for later use) -> Set_variable_1 (updates a variable) -> Create_file (uses a connector to do something) -> Send_an_email_(V2) (uses a connector to do something) -> CatchError (groups steps (often error handling)) -> Post_message_in_a_chat_or_channel (uses a connector to do something) -> Filter_array (filters a list of records) -> Error_Message (builds/holds data for later use),ConsumSSIS-MonthlyAssetReport-F2189102-33CD-F011-BBD3-7C1E5267A40E.json
ConsumSSIS-MonthlyLostDevices,"Runs automatically on a schedule. Connects to: Office 365 Outlook (email); Power BI; SharePoint. This flow makes decisions based on conditions, builds a report (CSV/HTML table).",Recurrence,Every 1 month(s) (UTC) [Starts: 2025-12-01T03:00Z],Office 365 Outlook (email); Power BI; SharePoint,"Site: https://zebra.sharepoint.com/sites/DMSBAExternal | Item/Folder: /Shared Documents/CONSUM/SSIS_LOSTANDSTOLENDEVICE/MONTHLYLOSTANDSTOLENDEVICES/@{formatDateTime(utcNow(), 'yyyy')}/@{formatDateTime(utcNow(), 'MM-MMMM')}",,,,,,Run_a_query_against_a_datasetMonthly (uses a connector to do something) -> varCSVContentMonthly (creates a variable) -> SelectMonthly (reshapes a list of records) -> ConditionMonthly (checks a condition and branches) -> Create_CSV_tableMonthly (builds a CSV/HTML report) -> Set_variableMonthly (updates a variable) -> Create_HTML_tableMonthly (builds a CSV/HTML report) -> ComposeMonthly (builds/holds data for later use) -> Set_variable_1 (updates a variable) -> Create_file (uses a connector to do something) -> Run_a_query_against_a_datasetLatest (uses a connector to do something) -> SelectLatest (reshapes a list of records) -> ConditionLatest (checks a condition and branches) -> Create_CSV_tableLatest (builds a CSV/HTML report) -> Create_HTML_tableLatest (builds a CSV/HTML report) -> ComposeLatest (builds/holds data for later use) -> Set_variableLatest (updates a variable) -> Set_variable_3 (updates a variable) -> Send_an_email_(V2) (uses a connector to do something) -> varCSVContentLatest (creates a variable),ConsumSSIS-MonthlyLostDevices-27361385-20CD-F011-BBD3-6045BDD64A0D.json
ConsumSSIS-MonthlyRepairReport,"Runs automatically on a schedule. Connects to: Office 365 Outlook (email); Power BI; SharePoint. This flow makes decisions based on conditions, builds a report (CSV/HTML table).",Recurrence,Every 1 month(s) (UTC) [Starts: 2025-12-01T08:00:00Z],Office 365 Outlook (email); Power BI; SharePoint,"Site: https://zebra.sharepoint.com/sites/DMSBAExternal | Item/Folder: /Shared Documents/CONSUM/SSIS_MONTHLYREPAIR/@{formatDateTime(utcNow(),'yyyy')}/@{formatDateTime(utcNow(),'MMMM')}",,,,,,Run_a_query_against_a_dataset (uses a connector to do something) -> varCSVContent (creates a variable) -> Select (reshapes a list of records) -> Condition (checks a condition and branches) -> Create_CSV_table (builds a CSV/HTML report) -> Set_variable (updates a variable) -> Send_an_email_(V2) (uses a connector to do something) -> Create_HTML_table (builds a CSV/HTML report) -> Compose (builds/holds data for later use) -> Set_variable_1 (updates a variable) -> Create_file (uses a connector to do something),ConsumSSIS-MonthlyRepairReport-D0955283-5FCD-F011-BBD3-6045BDD64A0D.json
CONSUMSSIS-MSRReport,"Runs automatically on a schedule. Connects to: Microsoft Teams; Office 365 Outlook (email); Power BI; SharePoint. This flow makes decisions based on conditions, has error-handling logic, builds a report (CSV/HTML table).",Recurrence,Every 1 month(s) (UTC) [Starts: 2026-02-01T09:00:00Z],Microsoft Teams; Office 365 Outlook (email); Power BI; SharePoint,"Site: https://zebra.sharepoint.com/sites/DMSBAExternal | Item/Folder: /Shared Documents/CONSUM/SSIS_MSR/@{formatDateTime(utcNow(),'yyyy')}/@{formatDateTime(utcNow(),'MMMM')}",,,,,,varCSVContent (creates a variable) -> Error_Handling (groups steps (often error handling)) -> Post_message_in_a_chat_or_channel (uses a connector to do something) -> FAILED_Send_an_email_(V2) (uses a connector to do something) -> EmailTO (builds/holds data for later use) -> EmailCC (builds/holds data for later use) -> Scope (groups steps (often error handling)) -> Run_a_query_against_a_dataset (uses a connector to do something) -> Select (reshapes a list of records) -> Condition (checks a condition and branches) -> Create_CSV_table (builds a CSV/HTML report) -> Set_variable (updates a variable) -> Create_HTML_table (builds a CSV/HTML report) -> Compose (builds/holds data for later use) -> Send_an_email_(V2) (uses a connector to do something) -> Create_file (uses a connector to do something),CONSUMSSIS-MSRReport-66D8A206-2DD1-F011-BBD3-7C1E5267A40E.json
ConsumSSIS-WARNINGCRITICALSOTILicenses,"Runs automatically on a schedule. Connects to: Microsoft Teams; Office 365 Outlook (email); Power BI; SharePoint. This flow makes decisions based on conditions, has error-handling logic, builds a report (CSV/HTML table).",Recurrence,Every 3 hour(s) (UTC),Microsoft Teams; Office 365 Outlook (email); Power BI; SharePoint,"Site: https://zebra.sharepoint.com/sites/DMSBAExternal | Item/Folder: /Shared Documents/CONSUM/SSIS_ASSETSUMMARY/@{formatDateTime(utcNow(),'yyyy')}/@{formatDateTime(utcNow(),'MMMM')}/@{formatDateTime(utcNow(),'dd')}",,,,,,varCSVContentStaging (creates a variable) -> varCSVContentZebraTestDevices (creates a variable) -> varCSVContentDuplicateDevices (creates a variable) -> varCSVContentExtendedOffline (creates a variable) -> varCSVContentAssetReport (creates a variable) -> varCSVContentLostAndStolen (creates a variable) -> Master (groups steps (often error handling)) -> Scope (groups steps (often error handling)) -> Run_a_query_against_a_datasetStaging (uses a connector to do something) -> Run_a_query_against_a_datasetLostStolen (uses a connector to do something) -> Run_a_query_against_a_datasetAssetReport (uses a connector to do something) -> Run_a_query_against_a_datasetExtendedOffline (uses a connector to do something) -> Run_a_query_against_a_datasetDuplicateDevices (uses a connector to do something) -> Run_a_query_against_a_datasetZebraTestDevices (uses a connector to do something) -> Run_a_query_against_a_datasetSOTILicense (uses a connector to do something) -> Run_a_query_against_a_datasetDeviceSummary (uses a connector to do something) -> SelectStaging (reshapes a list of records) -> SelectStagingLostStolen (reshapes a list of records) -> SelectStagingAssetReport (reshapes a list of records) -> SelectStagingExtendedOffline (reshapes a list of records) -> SelectStagingDuplicateDevices (reshapes a list of records) -> SelectStagingZebraTestDevices (reshapes a list of records) -> SelectStagingSOTILicense (reshapes a list of records) -> Create_HTML_table_SOTIic (builds a CSV/HTML report) -> Compose_SOTILic (builds/holds data for later use) -> Filter_array (filters a list of records) -> varLicenseCount (builds/holds data for later use) -> SelectDeviceSummary (reshapes a list of records) -> Create_HTML_table_DeviceSummary (builds a CSV/HTML report) -> Compose_DeviceSummary (builds/holds data for later use) -> Scope_2 (groups steps (often error handling)) -> ConditionStaging (checks a condition and branches) -> Create_CSV_tableStaging (builds a CSV/HTML report) -> Set_variableStaging (updates a variable) -> Create_HTML_table (builds a CSV/HTML report) -> Compose (builds/holds data for later use) -> Set_variable_1 (updates a variable) -> Create_file (uses a connector to do something) -> ConditionLostAndStolen (checks a condition and branches) -> Create_CSV_tableLostAndStolen (builds a CSV/HTML report) -> Set_variableLostAndStolen (updates a variable) -> Set_variable_3 (updates a variable) -> Create_file_1 (uses a connector to do something) -> ConditionZebraTestDevice (checks a condition and branches) -> Create_CSV_tableZebraTestDevice (builds a CSV/HTML report) -> Set_variableZebraTestDevice (updates a variable) -> Set_variable_2 (updates a variable) -> Create_file_2 (uses a connector to do something) -> ConditionDuplicateSN (checks a condition and branches) -> Create_CSV_tableDuplicateSN (builds a CSV/HTML report) -> Set_variableDuplicateSN (updates a variable) -> Set_variable_4 (updates a variable) -> Create_file_3 (uses a connector to do something) -> ConditionExtendedOffline (checks a condition and branches) -> Create_CSV_tableExtendedOffline (builds a CSV/HTML report) -> Set_variableExtendedOffline (updates a variable) -> Set_variable_5 (updates a variable) -> Create_file_4 (uses a connector to do something) -> ConditionAssetReport (checks a condition and branches) -> Create_CSV_tableAssetReport (builds a CSV/HTML report) -> Set_variableExtendedOffline_1 (updates a variable) -> Set_variable_6 (updates a variable) -> Create_file_5 (uses a connector to do something) -> Scope_3 (groups steps (often error handling)) -> ConditionSOTILic (checks a condition and branches) -> Condition (checks a condition and branches) -> Send_an_email_(V2) (uses a connector to do something) -> Send_an_email_(V2)_1 (uses a connector to do something) -> Terminate (stops the flow) -> Error_Handling (groups steps (often error handling)) -> FAILED_Send_an_email_(V2) (uses a connector to do something) -> Post_message_in_a_chat_or_channel (uses a connector to do something) -> EmailTO (builds/holds data for later use) -> EmailCC (builds/holds data for later use),ConsumSSIS-WARNINGCRITICALSOTILicenses-03CEBDE1-43CD-F011-BBD3-6045BDD64A0D.json
ConsumSSIS-WrongCostaReport,"Runs automatically on a schedule. Connects to: Office 365 Outlook (email); Power BI; SharePoint. This flow makes decisions based on conditions, builds a report (CSV/HTML table).",Recurrence,Every 1 week(s) on Monday at 07:15 (UTC),Office 365 Outlook (email); Power BI; SharePoint,"Site: https://zebra.sharepoint.com/sites/DMSBAExternal | Item/Folder: /Shared Documents/CONSUM/SSIS_WRONGCOSTAIP/@{formatDateTime(utcNow(),'yyyy')}/@{formatDateTime(utcNow(),'MMMM')}",,,,,,Run_a_query_against_a_dataset (uses a connector to do something) -> varCSVContent (creates a variable) -> Select (reshapes a list of records) -> Condition (checks a condition and branches) -> Create_CSV_table (builds a CSV/HTML report) -> Set_variable (updates a variable) -> Send_an_email_(V2) (uses a connector to do something) -> Create_HTML_table (builds a CSV/HTML report) -> Compose (builds/holds data for later use) -> Set_variable_1 (updates a variable) -> Create_file (uses a connector to do something),ConsumSSIS-WrongCostaReport-836D7AA6-97CE-F011-BBD3-6045BDD64A0D.json
DHLDailyLastLocationofLostDevices,Runs automatically on a schedule. Connects to: Office 365 Outlook (email); Power BI; SharePoint. This flow builds a report (CSV/HTML table).,Recurrence,Every 1 week(s) at 08:00 (Central Europe Standard Time) [Starts: 2022-10-05T07:00:00Z],Office 365 Outlook (email); Power BI; SharePoint,Site: https://zebra.sharepoint.com/sites/MS&SS | Item/Folder: /UK Mail Documents/Last Location Report,,,,,,Run_a_query_against_a_dataset (uses a connector to do something) -> Create_CSV_table (builds a CSV/HTML report) -> Create_file (uses a connector to do something) -> Select (reshapes a list of records) -> Send_an_email_(V2) (uses a connector to do something),DHLDailyLastLocationofLostDevices-9C39363E-3BD1-F011-BBD3-7C1E5267A40E.json
DMSOperationsOutcome,Trigger type: OpenApiConnection. Connects to: Power BI; SharePoint.,OpenApiConnection,,Power BI; SharePoint,,,,,,,Refresh_a_dataset (uses a connector to do something),DMSOperationsOutcome-22584EC8-1445-F011-8779-6045BDD3BDDA.json
EVRIAssetManagementPS,"Runs automatically on a schedule. Connects to: Microsoft Teams; Office 365 Outlook (email); Power BI. This flow has error-handling logic, builds a report (CSV/HTML table).",Recurrence,"Every 1 week(s) on Monday, Tuesday, Wednesday, Thursday, Friday at 11:10 (UTC)",Microsoft Teams; Office 365 Outlook (email); Power BI,,,,,,,Email_TO (builds/holds data for later use) -> Email_Footer (builds/holds data for later use) -> Scope (groups steps (often error handling)) -> 3rdPartyDevices (uses a connector to do something) -> Select_-_Format_3rd_Party (reshapes a list of records) -> HTML_-_3rd_Party (builds a CSV/HTML report) -> CSV_-_3rd_Party (builds a CSV/HTML report) -> DailySparepoolInventoryStatus (uses a connector to do something) -> Filter_-_Normal_Rows (filters a list of records) -> Filter_-_Total_Row (filters a list of records) -> Select_-_Normal_Rows (reshapes a list of records) -> Select_-_Total_Row (reshapes a list of records) -> Compose_-_Combine_Sparepool_Arrays (builds/holds data for later use) -> HTML_-_Sparepool (builds a CSV/HTML report) -> CSV_-_Sparepool (builds a CSV/HTML report) -> Style_3rd_Party (builds/holds data for later use) -> Style_Sparepool (builds/holds data for later use) -> Compose_-_Side_by_Side_Layout (builds/holds data for later use) -> Send_an_email_(V2) (uses a connector to do something) -> Error_Handling (groups steps (often error handling)) -> Filter_array (filters a list of records) -> COMPOSE-ERROR_MESSAGE (builds/holds data for later use) -> Post_message_in_a_chat_or_channel (uses a connector to do something) -> Email_CC (builds/holds data for later use),EVRIAssetManagementPS-2F39D511-A35D-F111-A826-000D3A8F644D.json
EVRIBYODCOLAccessMonthlyReport,"Runs automatically on a schedule. Connects to: Microsoft Teams; Office 365 Outlook (email); Power BI. This flow has error-handling logic, builds a report (CSV/HTML table).",Recurrence,Every 1 month(s) (UTC) [Starts: 2026-06-01T10:00:00Z],Microsoft Teams; Office 365 Outlook (email); Power BI,,,,,,,Email_Footer (builds/holds data for later use) -> Email-TO (builds/holds data for later use) -> Scope (groups steps (often error handling)) -> TotalOpenCases (uses a connector to do something) -> Compose-OpenCaseCount (builds/holds data for later use) -> Run_Query_Details (uses a connector to do something) -> Run_Query_Top_20 (uses a connector to do something) -> Create_CSV_table (builds a CSV/HTML report) -> Create_HTML_table (builds a CSV/HTML report) -> Compose_-_TotalCases (builds/holds data for later use) -> Send_an_email_(V2) (uses a connector to do something) -> Error_Handling (groups steps (often error handling)) -> Filter_array (filters a list of records) -> COMPOSE-ERROR_MESSAGE (builds/holds data for later use) -> Post_message_in_a_chat_or_channel (uses a connector to do something) -> Email-CC (builds/holds data for later use),EVRIBYODCOLAccessMonthlyReport-FC38D511-A35D-F111-A826-000D3A8F644D.json
EVRIBYODEmailOffline60Dayson1st,"Runs automatically on a schedule. Connects to: Office 365 Outlook (email); Power BI. This flow calls an external API/website, builds a report (CSV/HTML table).",Recurrence,Every 1 month(s) (Central Europe Standard Time) [Starts: 2025-01-01T14:00:00Z],Office 365 Outlook (email); Power BI,,,,,https://mlmsti19web01.zebra.com/MobiControl/api/token || https://mlmsti19web01.zebra.com:443/MobiControl/api/devicegroups?filter=path:contains(Lost),,HTTP (calls an external website or API) -> ClientIDSecret (creates a variable) -> EncodeSecret (builds/holds data for later use) -> UID (creates a variable) -> Password (creates a variable) -> HTTP_FolderID (calls an external website or API) -> TokenParse_JSON (reads structured data from a previous step) -> AccessToken (creates a variable) -> Parse_JSON_FolderID (reads structured data from a previous step) -> Initialize_variable_LostID (creates a variable) -> Create_CSV_table (builds a CSV/HTML report) -> Compose (builds/holds data for later use) -> Create_HTML_table (builds a CSV/HTML report) -> Select_EVRI_Offline_More_Than_60_Days (reshapes a list of records) -> EVRi_Offline_More_Than_60_Days (uses a connector to do something) -> Offlinemorethan60days (creates a variable) -> EVRiCountMoreThan60DaysOffline (uses a connector to do something) -> Delay (pauses the flow) -> Send_an_email_(V2) (uses a connector to do something),EVRIBYODEmailOffline60Dayson1st-45C080E8-4C87-F011-B4CC-7C1E52488D9D.json
EVRIBYODMovingOffline30daystoLOSTFolder,"Runs automatically on a schedule. Connects to: Azure Key Vault (secrets/passwords); Office 365 Outlook (email); Power BI; SharePoint. This flow loops through a list of records, makes decisions based on conditions, calls an external API/website, builds a report (CSV/HTML table).",Recurrence,Every 1 month(s) (Central Europe Standard Time) [Starts: 2024-12-15T08:00:00Z],Azure Key Vault (secrets/passwords); Office 365 Outlook (email); Power BI; SharePoint,Site: https://zebra.sharepoint.com/sites/StrategicInnovationandAutomation,,,,https://mlmsti19web01.zebra.com/MobiControl/api/token || https://mlmsti19web01.zebra.com:443/MobiControl/api/devicegroups/referenceId:@{variables('LostFolderReferenceId')}/members,,HTTP (calls an external website or API) -> ClientIDSecret (creates a variable) -> EncodeSecret (builds/holds data for later use) -> UID (creates a variable) -> Password (creates a variable) -> TokenParse_JSON (reads structured data from a previous step) -> AccessToken (creates a variable) -> Create_CSV_table (builds a CSV/HTML report) -> Compose (builds/holds data for later use) -> Create_HTML_table (builds a CSV/HTML report) -> Select_EVRI_Offline_More_Than_30_Days (reshapes a list of records) -> EVRi_Offline_More_Than_30_Days (uses a connector to do something) -> Offlinemorethan30days (creates a variable) -> EVRiCountMoreThan30DaysOffline (uses a connector to do something) -> Get_secret_ClientIDSecret (uses a connector to do something) -> Get_secretPSWD (uses a connector to do something) -> Get_items (uses a connector to do something) -> Compose_LostId (builds/holds data for later use) -> Initialize_variable (creates a variable) -> Condition (checks a condition and branches) -> Condition_PreDeletionList (checks a condition and branches) -> Send_an_email_(V2) (uses a connector to do something) -> Apply_to_each (repeats steps for each item in a list) -> HTTP_MoveDevice (calls an external website or API),EVRIBYODMovingOffline30daystoLOSTFolder-2F25028D-4C87-F011-B4CC-0022482F23C8.json
EVRIBYODMovingOffline30daystoLOSTFolder,"Runs automatically on a schedule. Connects to: Azure Key Vault (secrets/passwords); Office 365 Outlook (email); Power BI; SharePoint. This flow loops through a list of records, makes decisions based on conditions, calls an external API/website, builds a report (CSV/HTML table).",Recurrence,Every 1 month(s) (Central Europe Standard Time) [Starts: 2024-12-15T08:00:00Z],Azure Key Vault (secrets/passwords); Office 365 Outlook (email); Power BI; SharePoint,Site: https://zebra.sharepoint.com/sites/StrategicInnovationandAutomation,,,,https://mlmsti19web01.zebra.com/MobiControl/api/token || https://mlmsti19web01.zebra.com:443/MobiControl/api/devicegroups/referenceId:@{variables('LostFolderReferenceId')}/members,,HTTP (calls an external website or API) -> ClientIDSecret (creates a variable) -> EncodeSecret (builds/holds data for later use) -> UID (creates a variable) -> Password (creates a variable) -> TokenParse_JSON (reads structured data from a previous step) -> AccessToken (creates a variable) -> Create_CSV_table (builds a CSV/HTML report) -> Compose (builds/holds data for later use) -> Create_HTML_table (builds a CSV/HTML report) -> Select_EVRI_Offline_More_Than_30_Days (reshapes a list of records) -> EVRi_Offline_More_Than_30_Days (uses a connector to do something) -> Offlinemorethan30days (creates a variable) -> EVRiCountMoreThan30DaysOffline (uses a connector to do something) -> Get_secret_ClientIDSecret (uses a connector to do something) -> Get_secretPSWD (uses a connector to do something) -> Get_items (uses a connector to do something) -> Compose_LostId (builds/holds data for later use) -> Initialize_variable (creates a variable) -> Condition (checks a condition and branches) -> Condition_PreDeletionList (checks a condition and branches) -> Send_an_email_(V2) (uses a connector to do something) -> Apply_to_each (repeats steps for each item in a list) -> HTTP_MoveDevice (calls an external website or API),EVRIBYODMovingOffline30daystoLOSTFolder-555E7B9C-FD7C-F011-B4CC-0022482F23C8.json
EVRIBYODMovingOffline30daystoLOSTFolder,"Runs automatically on a schedule. Connects to: Azure Key Vault (secrets/passwords); Office 365 Outlook (email); Power BI; SharePoint. This flow loops through a list of records, makes decisions based on conditions, calls an external API/website, builds a report (CSV/HTML table).",Recurrence,Every 1 month(s) (UTC) [Starts: 2024-12-15T13:00:00Z],Azure Key Vault (secrets/passwords); Office 365 Outlook (email); Power BI; SharePoint,Site: https://zebra.sharepoint.com/sites/StrategicInnovationandAutomation,,,,https://mlmsti31.zebra.com/MobiControl/api/token || https://mlmsti31.zebra.com:443/MobiControl/api/devicegroups/referenceId:@{variables('LostFolderReferenceId')}/members,,HTTP (calls an external website or API) -> ClientIDSecret (creates a variable) -> EncodeSecret (builds/holds data for later use) -> UID (creates a variable) -> Password (creates a variable) -> TokenParse_JSON (reads structured data from a previous step) -> AccessToken (creates a variable) -> Create_CSV_table (builds a CSV/HTML report) -> Compose (builds/holds data for later use) -> Create_HTML_table (builds a CSV/HTML report) -> Select_EVRI_Offline_More_Than_30_Days (reshapes a list of records) -> EVRi_Offline_More_Than_30_Days (uses a connector to do something) -> Offlinemorethan30days (creates a variable) -> EVRiCountMoreThan30DaysOffline (uses a connector to do something) -> Get_secret_ClientIDSecret (uses a connector to do something) -> Get_secretPSWD (uses a connector to do something) -> Get_items (uses a connector to do something) -> Compose_LostId (builds/holds data for later use) -> Initialize_variable (creates a variable) -> Condition (checks a condition and branches) -> Condition_PreDeletionList (checks a condition and branches) -> Apply_to_each (repeats steps for each item in a list) -> HTTP_MoveDevice (calls an external website or API) -> Send_an_email_(V2) (uses a connector to do something),EVRIBYODMovingOffline30daystoLOSTFolder-65BBD04F-2892-F011-B4CB-0022482F23C8.json
EVRIColl-8OfflineAgeReportsOn1st,"Runs automatically on a schedule. Connects to: Microsoft Teams; Office 365 Outlook (email); Power BI; SharePoint. This flow makes decisions based on conditions, has error-handling logic, builds a report (CSV/HTML table).",Recurrence,Every 1 month(s) (UTC) [Starts: 2026-01-07T14:00:00Z],Microsoft Teams; Office 365 Outlook (email); Power BI; SharePoint,"Site: https://zebra.sharepoint.com/sites/DMSBAExternal | Item/Folder: /Shared Documents/EVRI PREMIUM/COLL-8/OFFLINE MORE THAN 15 DAYS/@{formatDateTime(utcNow(),'yyyy')}/@{formatDateTime(utcNow(),'MMM')} || Site: https://zebra.sharepoint.com/sites/DMSBAExternal | Item/Folder: /Shared Documents/EVRI PREMIUM/COLL-8/OFFLINE MORE THAN 30 DAYS/@{formatDateTime(utcNow(),'yyyy')}/@{formatDateTime(utcNow(),'MMM')} || Site: https://zebra.sharepoint.com/sites/DMSBAExternal | Item/Folder: /Shared Documents/EVRI PREMIUM/COLL-8/OFFLINE MORE THAN 60 DAYS/@{formatDateTime(utcNow(),'yyyy')}/@{formatDateTime(utcNow(),'MMM')}",,,,,,Scope (groups steps (often error handling)) -> LnSOffilineGT15DaysDevices (uses a connector to do something) -> Compose-LnSOffilineGT15DaysDevices (builds/holds data for later use) -> LnSDeviceOfflineGT30DaysCount (uses a connector to do something) -> Compose-LnSDeviceOfflineGT30DaysCount (builds/holds data for later use) -> LnSOffilineGT60DaysDevices (uses a connector to do something) -> Compose-LnSOffilineGT60DaysDevices (builds/holds data for later use) -> ConditionGT15Days (checks a condition and branches) -> Set_variable-gt15days (updates a variable) -> LnSOffilineGT15DaysDevices-table (uses a connector to do something) -> SelectGT15Days (reshapes a list of records) -> Create_CSV_tablegt15days (builds a CSV/HTML report) -> Set_variable-gt15dayscontent (updates a variable) -> ConditionGT30Days (checks a condition and branches) -> Set_variable-gt30days (updates a variable) -> LnSOffilineGT30DaysDevices-table (uses a connector to do something) -> SelectGT30Days (reshapes a list of records) -> Create_CSV_tablegt30days (builds a CSV/HTML report) -> Set_variable-gt30dayscontent (updates a variable) -> ConditionGT60Days (checks a condition and branches) -> Set_variable-gt60days (updates a variable) -> LnSOffilineGT60DaysDevices-table (uses a connector to do something) -> SelectGT60Days (reshapes a list of records) -> Create_CSV_tablegt60days (builds a CSV/HTML report) -> Set_variable-gt60dayscontent (updates a variable) -> Create_filegt15days (uses a connector to do something) -> Create_filegt30days (uses a connector to do something) -> Create_filegt60days (uses a connector to do something) -> Send_an_email_(V2) (uses a connector to do something) -> Run_a_query_against_a_datasetMailBody (uses a connector to do something) -> SelectMailBody (reshapes a list of records) -> Create_HTML_table (builds a CSV/HTML report) -> ComposeMailTable (builds/holds data for later use) -> varCSVContantGT15Days (creates a variable) -> varCSVContantGT30Days (creates a variable) -> varCSVContantGT60Days (creates a variable) -> Error_Handling (groups steps (often error handling)) -> Filter_array (filters a list of records) -> Error_Message (builds/holds data for later use) -> Post_message_in_a_chat_or_channel (uses a connector to do something) -> EmailTO (builds/holds data for later use) -> EmailCC (builds/holds data for later use),EVRIColl-8OfflineAgeReportsOn1st-ABED8525-CE73-F111-AB0F-7CED8DD7139C.json
EVRIConsolidatedEmailOffline60Dayson1st,"Runs automatically on a schedule. Connects to: Office 365 Outlook (email); Power BI. This flow calls an external API/website, builds a report (CSV/HTML table).",Recurrence,Every 1 month(s) (Central Europe Standard Time) [Starts: 2025-01-01T14:00:00Z],Office 365 Outlook (email); Power BI,,,,,https://mlmsti19web01.zebra.com/MobiControl/api/token || https://mlmsti19web01.zebra.com:443/MobiControl/api/devicegroups?filter=path:contains(Lost),,HTTP (calls an external website or API) -> ClientIDSecret (creates a variable) -> EncodeSecret (builds/holds data for later use) -> UID (creates a variable) -> Password (creates a variable) -> HTTP_FolderID (calls an external website or API) -> TokenParse_JSON (reads structured data from a previous step) -> AccessToken (creates a variable) -> Parse_JSON_FolderID (reads structured data from a previous step) -> Initialize_variable_LostID (creates a variable) -> Create_CSV_table (builds a CSV/HTML report) -> Compose (builds/holds data for later use) -> Create_HTML_table (builds a CSV/HTML report) -> Select_EVRI_Offline_More_Than_60_Days (reshapes a list of records) -> EVRi_Offline_More_Than_60_Days (uses a connector to do something) -> Offlinemorethan60days (creates a variable) -> EVRiCountMoreThan60DaysOffline (uses a connector to do something) -> Delay (pauses the flow) -> Send_an_email_(V2) (uses a connector to do something),EVRIConsolidatedEmailOffline60Dayson1st-130B020F-4D87-F011-B4CC-7C1E52488D9D.json
EVRIConsolidatedMovingOffline30daystoLOSTFolder,"Runs automatically on a schedule. Connects to: Azure Key Vault (secrets/passwords); Office 365 Outlook (email); Power BI; SharePoint. This flow loops through a list of records, makes decisions based on conditions, calls an external API/website, builds a report (CSV/HTML table).",Recurrence,Every 1 month(s) (Central Europe Standard Time) [Starts: 2024-12-15T08:00:00Z],Azure Key Vault (secrets/passwords); Office 365 Outlook (email); Power BI; SharePoint,Site: https://zebra.sharepoint.com/sites/StrategicInnovationandAutomation,,,,https://mlmsti19web01.zebra.com/MobiControl/api/token || https://mlmsti19web01.zebra.com:443/MobiControl/api/devicegroups/referenceId:@{variables('LostFolderReferenceId')}/members,,HTTP (calls an external website or API) -> ClientIDSecret (creates a variable) -> EncodeSecret (builds/holds data for later use) -> UID (creates a variable) -> Password (creates a variable) -> TokenParse_JSON (reads structured data from a previous step) -> AccessToken (creates a variable) -> Create_CSV_table (builds a CSV/HTML report) -> Compose (builds/holds data for later use) -> Create_HTML_table (builds a CSV/HTML report) -> Select_EVRI_Offline_More_Than_30_Days (reshapes a list of records) -> EVRi_Offline_More_Than_30_Days (uses a connector to do something) -> Offlinemorethan30days (creates a variable) -> EVRiCountMoreThan30DaysOffline (uses a connector to do something) -> Get_secret_ClientIDSecret (uses a connector to do something) -> Get_secretPSWD (uses a connector to do something) -> Get_items (uses a connector to do something) -> Compose_LostId (builds/holds data for later use) -> Initialize_variable (creates a variable) -> Condition (checks a condition and branches) -> Condition_PreDeletionList (checks a condition and branches) -> Send_an_email_(V2) (uses a connector to do something) -> Apply_to_each (repeats steps for each item in a list) -> HTTP_MoveDevice (calls an external website or API),EVRIConsolidatedMovingOffline30daystoLOSTFolder-91D3C4C7-FD7C-F011-B4CC-7C1E52488D9D.json
EVRIConsolidatedMovingOffline30daystoLOSTFolder,"Runs automatically on a schedule. Connects to: Azure Key Vault (secrets/passwords); Office 365 Outlook (email); Power BI; SharePoint. This flow loops through a list of records, makes decisions based on conditions, calls an external API/website, builds a report (CSV/HTML table).",Recurrence,Every 1 month(s) (Central Europe Standard Time) [Starts: 2024-12-15T08:00:00Z],Azure Key Vault (secrets/passwords); Office 365 Outlook (email); Power BI; SharePoint,Site: https://zebra.sharepoint.com/sites/StrategicInnovationandAutomation,,,,https://mlmsti19web01.zebra.com/MobiControl/api/token || https://mlmsti19web01.zebra.com:443/MobiControl/api/devicegroups/referenceId:@{variables('LostFolderReferenceId')}/members,,HTTP (calls an external website or API) -> ClientIDSecret (creates a variable) -> EncodeSecret (builds/holds data for later use) -> UID (creates a variable) -> Password (creates a variable) -> TokenParse_JSON (reads structured data from a previous step) -> AccessToken (creates a variable) -> Create_CSV_table (builds a CSV/HTML report) -> Compose (builds/holds data for later use) -> Create_HTML_table (builds a CSV/HTML report) -> Select_EVRI_Offline_More_Than_30_Days (reshapes a list of records) -> EVRi_Offline_More_Than_30_Days (uses a connector to do something) -> Offlinemorethan30days (creates a variable) -> EVRiCountMoreThan30DaysOffline (uses a connector to do something) -> Get_secret_ClientIDSecret (uses a connector to do something) -> Get_secretPSWD (uses a connector to do something) -> Get_items (uses a connector to do something) -> Compose_LostId (builds/holds data for later use) -> Initialize_variable (creates a variable) -> Condition (checks a condition and branches) -> Condition_PreDeletionList (checks a condition and branches) -> Send_an_email_(V2) (uses a connector to do something) -> Apply_to_each (repeats steps for each item in a list) -> HTTP_MoveDevice (calls an external website or API),EVRIConsolidatedMovingOffline30daystoLOSTFolder-AB58A9A5-4C87-F011-B4CC-0022482F23C8.json
EVRIConsolidatedSOTIDevicesGroupPathID,"Runs automatically on a schedule. Connects to: Azure Key Vault (secrets/passwords); Office 365 Outlook (email); SharePoint. This flow loops through a list of records, has error-handling logic, calls an external API/website.",Recurrence,Every 1 week(s) on Saturday at 08:00 (UTC) [Starts: 2025-09-15T07:00:00Z],Azure Key Vault (secrets/passwords); Office 365 Outlook (email); SharePoint,Site: https://zebra.sharepoint.com/sites/StrategicInnovationandAutomation || Site: https://zebra.sharepoint.com/sites/StrategicInnovationandAutomation | Item/Folder: @items('For_each')?['ID'],,,,https://mlmsti49.zebra.com/MobiControl/api/token || https://mlmsti49.zebra.com:443/MobiControl/api/devicegroups?filter=path:contains(Lost),,Master (groups steps (often error handling)) -> Scope (groups steps (often error handling)) -> HTTP_GetDeviceGroupPathID (calls an external website or API) -> Parse_JSON (reads structured data from a previous step) -> Scope_2 (groups steps (often error handling)) -> Get_items (uses a connector to do something) -> For_each (repeats steps for each item in a list) -> Delete_item (uses a connector to do something) -> Scope_3 (groups steps (often error handling)) -> Apply_to_each (repeats steps for each item in a list) -> Create_item (uses a connector to do something) -> Error_Handling (groups steps (often error handling)) -> FAILED_Send_an_email_(V2) (uses a connector to do something) -> Get_secret_ClientIDSecret (uses a connector to do something) -> Get_secretPSWD (uses a connector to do something) -> ClientIDSecret (creates a variable) -> UID (creates a variable) -> Password (creates a variable) -> EncodeSecret (builds/holds data for later use) -> HTTP (calls an external website or API) -> TokenParse_JSON (reads structured data from a previous step) -> AccessToken (creates a variable) -> apiToken (creates a variable),EVRIConsolidatedSOTIDevicesGroupPathID-2B25B121-57B9-F011-BBD3-6045BDD64A0D.json
EVRiConsolidatedZebraandNon-ZebraOffline15_30_60Da,"Runs automatically on a schedule. Connects to: Office 365 Outlook (email); Power BI. This flow makes decisions based on conditions, builds a report (CSV/HTML table).",Recurrence,Every 1 month(s) (W. Europe Standard Time) [Starts: 2025-02-01T09:00:00Z],Office 365 Outlook (email); Power BI,,,,,,,EVRiConsolidatedCountMoreThan15DaysOffline (uses a connector to do something) -> Offlinemorethan15days (creates a variable) -> Condition15Days (checks a condition and branches) -> EVRi_Consolidated_Offline_More_Than_15_Days (uses a connector to do something) -> Select_EVRI_Consolidated_Offline_More_Than_15_Days (reshapes a list of records) -> Create_CSV_table_15Days (builds a CSV/HTML report) -> Create_HTML_table (builds a CSV/HTML report) -> Compose (builds/holds data for later use) -> EVRiConsolidatedCountMoreThan30DaysOffline (uses a connector to do something) -> Offlinemorethan30days (creates a variable) -> Condition60Days (checks a condition and branches) -> EVRi_Consolidated_Offline_More_Than_60_Days (uses a connector to do something) -> Create_CSV_table_60Days (builds a CSV/HTML report) -> Create_HTML_table_1 (builds a CSV/HTML report) -> Compose_1 (builds/holds data for later use) -> Select_EVRI_Consolidated_Offline_More_Than_60_Days (reshapes a list of records) -> EVRiConsolidatedCountMoreThan60DaysOffline (uses a connector to do something) -> NonZebraOfflinemorethan60days (creates a variable) -> NonZebraCondition30Days (checks a condition and branches) -> EVRi_Consolidated_Offline_More_Than_30_Days (uses a connector to do something) -> Select_EVRI_Consolidated_Offline_More_Than_30_Days (reshapes a list of records) -> Create_CSV_Table_30Days (builds a CSV/HTML report) -> NonZebraCreate_HTML_table15Days (builds a CSV/HTML report) -> NonZebraCompose15Days (builds/holds data for later use) -> NonZebraSelectAll (reshapes a list of records) -> NonZebraCreate_HTMLtable (builds a CSV/HTML report) -> NonZebraCompose3 (builds/holds data for later use) -> NonZebraRun_a_query_against_a_dataset (uses a connector to do something) -> ComposeOfflinemorethan15days (builds/holds data for later use) -> ComposeOfflinemorethan30days (builds/holds data for later use) -> ComposeOfflinemorethan60days (builds/holds data for later use) -> Condition (checks a condition and branches) -> Send_an_email_(V2)_1 (uses a connector to do something) -> Send_an_email_(V2) (uses a connector to do something),EVRiConsolidatedZebraandNon-ZebraOffline15_30_60Da-FA249263-4D87-F011-B4CC-7C1E52488D9D.json
EVRIMonitorandAlertforAllDatasets,"Runs automatically on a schedule. Connects to: Office 365 Outlook (email); Power BI; SharePoint. This flow makes decisions based on conditions, has error-handling logic.",Recurrence,Every 95 minute(s) (UTC),Office 365 Outlook (email); Power BI; SharePoint,Site: https://zebra.sharepoint.com/sites/StrategicInnovationandAutomation,,,,,,Send_an_email_(V2) (uses a connector to do something) -> Parent_Scope (groups steps (often error handling)) -> Scope_ZebraTC75 (groups steps (often error handling)) -> ZebraTC75 (uses a connector to do something) -> Compose_ZebraTC75 (builds/holds data for later use) -> ComposeZebraTC75P (builds/holds data for later use) -> Get_items_-_ZebraTC75 (uses a connector to do something) -> Compose_BaselineZebraDevices (builds/holds data for later use) -> Compose_ZebraDropPercentage (builds/holds data for later use) -> Compose_ZebraDropPercentageHTML (builds/holds data for later use) -> ComposeZebraEmailBody (builds/holds data for later use) -> Condition_ZebraTC75 (checks a condition and branches) -> Zebra_TC75 (uses a connector to do something) -> Scope_BYOD (groups steps (often error handling)) -> BYOD (uses a connector to do something) -> Compose_BYOD (builds/holds data for later use) -> ComposeBYODP (builds/holds data for later use) -> Get_items_-_BYOD (uses a connector to do something) -> Compose_BaselineBYODDevices (builds/holds data for later use) -> Compose_BYODDropPercentage (builds/holds data for later use) -> Compose_BYODDropPercentageHTML (builds/holds data for later use) -> Compose_BYODEmailBody (builds/holds data for later use) -> Condition_BYOD (checks a condition and branches) -> Zebra_BYOD (uses a connector to do something) -> Scope_ET45 (groups steps (often error handling)) -> ET45 (uses a connector to do something) -> Compose_ET45 (builds/holds data for later use) -> ComposeET45P (builds/holds data for later use) -> Get_items_-_ET45 (uses a connector to do something) -> Compose_BaselineET45Devices (builds/holds data for later use) -> Compose_ET45DropPercentage (builds/holds data for later use) -> Compose_ET45DropPercentageHTML (builds/holds data for later use) -> ComposeET45EmailBody (builds/holds data for later use) -> Condition_ET45 (checks a condition and branches) -> Zebra_ET45 (uses a connector to do something) -> Refresh_a_dataset (uses a connector to do something) -> Delay (pauses the flow),EVRIMonitorandAlertforAllDatasets-DF34E74C-903D-F011-B4CC-7C1E528247C3.json
EVRIPBIRefreshbyPSFrom,"Trigger type: OpenApiConnection. Connects to: Microsoft Teams; Power BI; SharePoint. This flow makes decisions based on conditions, has error-handling logic.",OpenApiConnection,,Microsoft Teams; Power BI; SharePoint,,,,,,,Scope (groups steps (often error handling)) -> Refresh_a_dataset (uses a connector to do something) -> Condition (checks a condition and branches) -> Terminate (stops the flow) -> Error_Handling (groups steps (often error handling)) -> Filter_array (filters a list of records) -> COMPOSE-ERROR_MESSAGE (builds/holds data for later use) -> Post_message_in_a_chat_or_channel (uses a connector to do something) -> Compose (builds/holds data for later use),EVRIPBIRefreshbyPSFrom-64B0B610-A35D-F111-A826-7CED8DD7139C.json
EVRIPremiumDHLRefreshStockVisibilityandReporting,Runs automatically on a schedule. Connects to: Microsoft Teams; Power BI. This flow has error-handling logic.,Recurrence,Every 1 day(s) at 13:15 (UTC) [Starts: 2025-05-05T15:00:00Z],Microsoft Teams; Power BI,,,,,,,Error_Handling (groups steps (often error handling)) -> Post_message_in_a_chat_or_channel (uses a connector to do something) -> Filter_array (filters a list of records) -> Error_Message (builds/holds data for later use) -> Scope (groups steps (often error handling)) -> Refresh_a_dataset (uses a connector to do something),EVRIPremiumDHLRefreshStockVisibilityandReporting-F9543D00-C5F6-F011-8406-7CED8D210053.json
EVRIPremiumDHLSOTILicenseInformation,"Runs automatically on a schedule. Connects to: Azure Key Vault (secrets/passwords); Microsoft Teams; Office 365 Outlook (email); SharePoint. This flow loops through a list of records, has error-handling logic, calls an external API/website.",Recurrence,Every 1 day(s) at 01:00 (UTC),Azure Key Vault (secrets/passwords); Microsoft Teams; Office 365 Outlook (email); SharePoint,Site: https://zebra.sharepoint.com/sites/StrategicInnovationandAutomation || Site: https://zebra.sharepoint.com/sites/StrategicInnovationandAutomation | Item/Folder: @items('For_each')?['ID'],,,,https://mlmsti02app01.zebra.com/MobiControl/api/token || https://mlmsti02app01.zebra.com:443/MobiControl/api/license,,Get_secret_ClientIDSecret (uses a connector to do something) -> Get_secretPSWD (uses a connector to do something) -> EmailTO (builds/holds data for later use) -> EmailCC (builds/holds data for later use) -> Scope (groups steps (often error handling)) -> HTTP_License (calls an external website or API) -> Parse_JSON (reads structured data from a previous step) -> Compose (builds/holds data for later use) -> Get_items (uses a connector to do something) -> For_each (repeats steps for each item in a list) -> Update_item (uses a connector to do something) -> ClientIDSecret (creates a variable) -> UID (creates a variable) -> Password (creates a variable) -> EncodeSecret (builds/holds data for later use) -> HTTP (calls an external website or API) -> TokenParse_JSON (reads structured data from a previous step) -> AccessToken (creates a variable) -> Error_Handling (groups steps (often error handling)) -> Post_message_in_a_chat_or_channel (uses a connector to do something) -> FAILED_Send_an_email_(V2) (uses a connector to do something) -> Get_secretUID (uses a connector to do something) -> Get_secret_PSWD (uses a connector to do something),EVRIPremiumDHLSOTILicenseInformation-475CCA8A-8BCB-F011-BBD3-7C1E5267A40E.json
EVRIPremiumDHLSSIS-ALKReport,"Runs automatically on a schedule. Connects to: Microsoft Teams; Office 365 Outlook (email); Power BI. This flow makes decisions based on conditions, has error-handling logic, builds a report (CSV/HTML table).",Recurrence,Every 1 month(s) (UTC) [Starts: 2026-03-01T08:00:00Z],Microsoft Teams; Office 365 Outlook (email); Power BI,,,,,,,Initialize_variable_varCSVContent (creates a variable) -> EmailTO (builds/holds data for later use) -> EmailCC (builds/holds data for later use) -> Error_Handling (groups steps (often error handling)) -> Post_message_in_a_chat_or_channel (uses a connector to do something) -> FAILED_Send_an_email_(V2) (uses a connector to do something) -> Scope (groups steps (often error handling)) -> Run_a_query_against_a_dataset (uses a connector to do something) -> Select (reshapes a list of records) -> Condition (checks a condition and branches) -> Create_CSV_table (builds a CSV/HTML report) -> Set_variable (updates a variable) -> Create_HTML_table (builds a CSV/HTML report) -> Compose (builds/holds data for later use) -> Send_an_email_(V2) (uses a connector to do something),EVRIPremiumDHLSSIS-ALKReport-03562213-AECB-F011-BBD3-7C1E5267A40E.json
EVRIPremiumDHLSSIS-DuplicateDevices,"Runs automatically on a schedule. Connects to: Microsoft Teams; Office 365 Outlook (email); Power BI; SharePoint. This flow makes decisions based on conditions, has error-handling logic, builds a report (CSV/HTML table).",Recurrence,Every 1 week(s) on Thursday (UTC) [Starts: 2025-12-18T07:00:00Z],Microsoft Teams; Office 365 Outlook (email); Power BI; SharePoint,"Site: https://zebra.sharepoint.com/sites/DMSBAExternal | Item/Folder: /Shared Documents/DHLPARCEL/SSIS_DUPLICATEDEVICES/@{formatDateTime(utcNow(),'YYYY')}/@{formatDateTime(utcNow(),'MMMM')}",,,,,,varCSVContent (creates a variable) -> Error_Handling (groups steps (often error handling)) -> Post_message_in_a_chat_or_channel (uses a connector to do something) -> FAILED_Send_an_email_(V2) (uses a connector to do something) -> EmailTO (builds/holds data for later use) -> EmailCC (builds/holds data for later use) -> Scope (groups steps (often error handling)) -> Run_a_query_against_a_dataset (uses a connector to do something) -> Select (reshapes a list of records) -> Condition (checks a condition and branches) -> Create_CSV_table (builds a CSV/HTML report) -> Set_variable (updates a variable) -> Create_HTML_table (builds a CSV/HTML report) -> Compose (builds/holds data for later use) -> Send_an_email_(V2) (uses a connector to do something) -> Set_variable_1 (updates a variable) -> Create_file (uses a connector to do something),EVRIPremiumDHLSSIS-DuplicateDevices-26BD7E86-D4CB-F011-BBD3-7C1E5267A40E.json
EVRIPremiumDHLSSIS-LostDevices,"Runs automatically on a schedule. Connects to: Microsoft Teams; Office 365 Outlook (email); Power BI; SharePoint. This flow makes decisions based on conditions, has error-handling logic, builds a report (CSV/HTML table).",Recurrence,Every 1 day(s) at 01:00 (UTC) [Starts: 2025-11-27T00:00Z],Microsoft Teams; Office 365 Outlook (email); Power BI; SharePoint,"Site: https://zebra.sharepoint.com/sites/DMSBAExternal | Item/Folder: /Shared Documents/DHLPARCEL/SSIS_LOSTANDSTOLENDEVICE/DAILYLOSTDEVICES/@{formatDateTime(utcNow(), 'yyyy')}/@{formatDateTime(utcNow(), 'MM-MMMM')}",,,,,,varCSVContent (creates a variable) -> Scope (groups steps (often error handling)) -> Run_a_query_against_a_dataset (uses a connector to do something) -> Select (reshapes a list of records) -> Condition (checks a condition and branches) -> Create_CSV_table (builds a CSV/HTML report) -> Set_variable (updates a variable) -> Send_an_email_(V2) (uses a connector to do something) -> Create_HTML_table (builds a CSV/HTML report) -> Compose (builds/holds data for later use) -> Set_variable_1 (updates a variable) -> Create_file (uses a connector to do something) -> Error_Handling (groups steps (often error handling)) -> Post_message_in_a_chat_or_channel (uses a connector to do something) -> FAILED_Send_an_email_(V2) (uses a connector to do something),EVRIPremiumDHLSSIS-LostDevices-C1876E18-AFCB-F011-BBD3-7C1E5267A40E.json
EVRIPremiumDHLSSIS-LostDevicesFound,"Runs automatically on a schedule. Connects to: Microsoft Teams; Office 365 Outlook (email); Power BI; SharePoint. This flow makes decisions based on conditions, has error-handling logic, builds a report (CSV/HTML table).",Recurrence,Every 1 day(s) at 09:30 (UTC) [Starts: 2025-11-27T00:00Z],Microsoft Teams; Office 365 Outlook (email); Power BI; SharePoint,"Site: https://zebra.sharepoint.com/sites/DMSBAExternal | Item/Folder: /Shared Documents/DHLPARCEL/SSIS_LOSTDEVICEBACKONLINE/@{formatDateTime(utcNow(),'yyyy')}/@{formatDateTime(utcNow(),'MMMM')}",,,,,,varCSVContent (creates a variable) -> EmailTO (builds/holds data for later use) -> EmailCC (builds/holds data for later use) -> Scope (groups steps (often error handling)) -> Run_a_query_against_a_dataset (uses a connector to do something) -> Select (reshapes a list of records) -> Condition (checks a condition and branches) -> Create_CSV_table (builds a CSV/HTML report) -> Set_variable (updates a variable) -> Create_HTML_table (builds a CSV/HTML report) -> Compose (builds/holds data for later use) -> Send_an_email_(V2) (uses a connector to do something) -> Set_variable_1 (updates a variable) -> Create_file (uses a connector to do something) -> Error_Handling (groups steps (often error handling)) -> Post_message_in_a_chat_or_channel (uses a connector to do something) -> FAILED_Send_an_email_(V2) (uses a connector to do something),EVRIPremiumDHLSSIS-LostDevicesFound-08E991D7-35CC-F011-BBD3-6045BDD64A0D.json
EVRIPremiumDHLSSIS-MonthlyLostDevices,"Runs automatically on a schedule. Connects to: Microsoft Teams; Office 365 Outlook (email); Power BI; SharePoint. This flow makes decisions based on conditions, has error-handling logic, builds a report (CSV/HTML table).",Recurrence,Every 1 day(s) at 01:00 (UTC) [Starts: 2025-12-04T03:00Z],Microsoft Teams; Office 365 Outlook (email); Power BI; SharePoint,"Site: https://zebra.sharepoint.com/sites/DMSBAExternal | Item/Folder: /Shared Documents/DHLPARCEL/SSIS_LOSTANDSTOLENDEVICE/MONTHLYLOSTANDSTOLENDEVICES/@{formatDateTime(utcNow(), 'yyyy')}/@{formatDateTime(utcNow(), 'MM-MMMM')}",,,,,,Run_a_query_against_a_datasetMonthly (uses a connector to do something) -> varCSVContentMonthly (creates a variable) -> SelectMonthly (reshapes a list of records) -> ConditionMonthly (checks a condition and branches) -> Create_CSV_tableMonthly (builds a CSV/HTML report) -> Set_variableMonthly (updates a variable) -> Create_HTML_tableMonthly (builds a CSV/HTML report) -> ComposeMonthly (builds/holds data for later use) -> Set_variable_1 (updates a variable) -> Run_a_query_against_a_datasetLatest (uses a connector to do something) -> SelectLatest (reshapes a list of records) -> ConditionLatest (checks a condition and branches) -> Create_CSV_tableLatest (builds a CSV/HTML report) -> Create_HTML_tableLatest (builds a CSV/HTML report) -> ComposeLatest (builds/holds data for later use) -> Set_variableLatest (updates a variable) -> Set_variable_3 (updates a variable) -> varCSVContentLatest (creates a variable) -> Error_Handling (groups steps (often error handling)) -> Post_message_in_a_chat_or_channel (uses a connector to do something) -> FAILED_Send_an_email_(V2) (uses a connector to do something) -> EmailTO (builds/holds data for later use) -> EmailCC (builds/holds data for later use) -> 1st_of_Month (checks a condition and branches) -> Send_an_email_(V2) (uses a connector to do something) -> Create_file (uses a connector to do something) -> Terminate (stops the flow),EVRIPremiumDHLSSIS-MonthlyLostDevices-3F3F9114-CACB-F011-BBD3-6045BDD64A0D.json
EVRIPremiumDHLSSIS-MonthlyRepairReport,"Runs automatically on a schedule. Connects to: Microsoft Teams; Office 365 Outlook (email); Power BI; SharePoint. This flow makes decisions based on conditions, has error-handling logic, builds a report (CSV/HTML table).",Recurrence,Every 1 month(s) (UTC) [Starts: 2025-12-01T02:00:00Z],Microsoft Teams; Office 365 Outlook (email); Power BI; SharePoint,"Site: https://zebra.sharepoint.com/sites/DMSBAExternal | Item/Folder: /Shared Documents/DHLPARCEL/SSIS_MONTHLYREPAIR/@{formatDateTime(utcNow(),'yyyy')}/@{formatDateTime(utcNow(),'MMMM')}",,,,,,varCSVContent (creates a variable) -> EmailTO (builds/holds data for later use) -> EmailCC (builds/holds data for later use) -> Scope (groups steps (often error handling)) -> Run_a_query_against_a_dataset (uses a connector to do something) -> Select (reshapes a list of records) -> Condition (checks a condition and branches) -> Create_CSV_table (builds a CSV/HTML report) -> Set_variable (updates a variable) -> Send_an_email_(V2) (uses a connector to do something) -> Create_HTML_table (builds a CSV/HTML report) -> Compose (builds/holds data for later use) -> Set_variable_1 (updates a variable) -> Create_file (uses a connector to do something) -> Error_Handling (groups steps (often error handling)) -> Post_message_in_a_chat_or_channel (uses a connector to do something) -> FAILED_Send_an_email_(V2) (uses a connector to do something),EVRIPremiumDHLSSIS-MonthlyRepairReport-C6CEB544-62CD-F011-BBD3-7C1E5267A40E.json
EVRIPremiumDHLSSIS-MSRReport,"Runs automatically on a schedule. Connects to: Microsoft Teams; Office 365 Outlook (email); Power BI; SharePoint. This flow makes decisions based on conditions, has error-handling logic, builds a report (CSV/HTML table).",Recurrence,Every 1 month(s) (UTC) [Starts: 2026-02-01T09:00:00Z],Microsoft Teams; Office 365 Outlook (email); Power BI; SharePoint,"Site: https://zebra.sharepoint.com/sites/DMSBAExternal | Item/Folder: /Shared Documents/DHLPARCEL/SSIS_MSR/@{formatDateTime(utcNow(),'yyyy')}/@{formatDateTime(utcNow(),'MMMM')}",,,,,,varCSVContent (creates a variable) -> Scope (groups steps (often error handling)) -> Run_a_query_against_a_dataset (uses a connector to do something) -> Select (reshapes a list of records) -> Condition (checks a condition and branches) -> Create_CSV_table (builds a CSV/HTML report) -> Set_variable (updates a variable) -> Create_HTML_table (builds a CSV/HTML report) -> Compose (builds/holds data for later use) -> Create_file (uses a connector to do something) -> Send_an_email_(V2) (uses a connector to do something) -> Error_Handling (groups steps (often error handling)) -> Post_message_in_a_chat_or_channel (uses a connector to do something) -> FAILED_Send_an_email_(V2) (uses a connector to do something) -> EmailTO (builds/holds data for later use) -> EmailCC (builds/holds data for later use),EVRIPremiumDHLSSIS-MSRReport-12E9A150-31D1-F011-BBD3-6045BDD64A0D.json
EVRIPremiumDHLSSIS-UKCRITICALSOTILicensesarelow,"Runs automatically on a schedule. Connects to: Microsoft Teams; Office 365 Outlook (email); Power BI; SharePoint. This flow makes decisions based on conditions, has error-handling logic, builds a report (CSV/HTML table).",Recurrence,Every 3 hour(s) (UTC),Microsoft Teams; Office 365 Outlook (email); Power BI; SharePoint,"Site: https://zebra.sharepoint.com/sites/DMSBAExternal | Item/Folder: /Shared Documents/DHLPARCEL/SSIS_ASSETSUMMARY/@{formatDateTime(utcNow(),'yyyy')}/@{formatDateTime(utcNow(),'MMMM')}/@{formatDateTime(utcNow(),'dd')}",,,,,,varCSVContentStaging (creates a variable) -> varCSVContentZebraTestDevices (creates a variable) -> varCSVContentDuplicateDevices (creates a variable) -> varCSVContentExtendedOffline (creates a variable) -> varCSVContentAssetReport (creates a variable) -> varCSVContentLostAndStolen (creates a variable) -> Master (groups steps (often error handling)) -> Scope (groups steps (often error handling)) -> Run_a_query_against_a_datasetStaging (uses a connector to do something) -> Run_a_query_against_a_datasetLostStolen (uses a connector to do something) -> Run_a_query_against_a_datasetAssetReport (uses a connector to do something) -> Run_a_query_against_a_datasetExtendedOffline (uses a connector to do something) -> Run_a_query_against_a_datasetDuplicateDevices (uses a connector to do something) -> Run_a_query_against_a_datasetZebraTestDevices (uses a connector to do something) -> Run_a_query_against_a_datasetSOTILicense (uses a connector to do something) -> Run_a_query_against_a_datasetDeviceSummary (uses a connector to do something) -> SelectStaging (reshapes a list of records) -> SelectStagingLostStolen (reshapes a list of records) -> SelectStagingAssetReport (reshapes a list of records) -> SelectStagingExtendedOffline (reshapes a list of records) -> SelectStagingDuplicateDevices (reshapes a list of records) -> SelectStagingZebraTestDevices (reshapes a list of records) -> SelectStagingSOTILicense (reshapes a list of records) -> Create_HTML_table_SOTIic (builds a CSV/HTML report) -> Compose_SOTILic (builds/holds data for later use) -> Filter_array (filters a list of records) -> varLicenseCount (builds/holds data for later use) -> SelectDeviceSummary (reshapes a list of records) -> Create_HTML_table_DeviceSummary (builds a CSV/HTML report) -> Compose_DeviceSummary (builds/holds data for later use) -> Scope_2 (groups steps (often error handling)) -> ConditionStaging (checks a condition and branches) -> Create_CSV_tableStaging (builds a CSV/HTML report) -> Set_variableStaging (updates a variable) -> Create_HTML_table (builds a CSV/HTML report) -> Compose (builds/holds data for later use) -> Set_variable_1 (updates a variable) -> Create_file (uses a connector to do something) -> ConditionLostAndStolen (checks a condition and branches) -> Create_CSV_tableLostAndStolen (builds a CSV/HTML report) -> Set_variableLostAndStolen (updates a variable) -> Set_variable_3 (updates a variable) -> Create_file_1 (uses a connector to do something) -> ConditionZebraTestDevice (checks a condition and branches) -> Create_CSV_tableZebraTestDevice (builds a CSV/HTML report) -> Set_variableZebraTestDevice (updates a variable) -> Set_variable_2 (updates a variable) -> Create_file_2 (uses a connector to do something) -> ConditionDuplicateSN (checks a condition and branches) -> Create_CSV_tableDuplicateSN (builds a CSV/HTML report) -> Set_variableDuplicateSN (updates a variable) -> Set_variable_4 (updates a variable) -> Create_file_3 (uses a connector to do something) -> ConditionExtendedOffline (checks a condition and branches) -> Create_CSV_tableExtendedOffline (builds a CSV/HTML report) -> Set_variableExtendedOffline (updates a variable) -> Set_variable_5 (updates a variable) -> Create_file_4 (uses a connector to do something) -> ConditionAssetReport (checks a condition and branches) -> Create_CSV_tableAssetReport (builds a CSV/HTML report) -> Set_variableExtendedOffline_1 (updates a variable) -> Set_variable_6 (updates a variable) -> Create_file_5 (uses a connector to do something) -> Scope_3 (groups steps (often error handling)) -> ConditionSOTILic (checks a condition and branches) -> Condition (checks a condition and branches) -> Send_an_email_(V2) (uses a connector to do something) -> Send_an_email_(V2)_1 (uses a connector to do something) -> Terminate (stops the flow) -> Error_Handling (groups steps (often error handling)) -> FAILED_Send_an_email_(V2) (uses a connector to do something) -> Post_message_in_a_chat_or_channel (uses a connector to do something) -> EmailTO (builds/holds data for later use) -> EmailCC (builds/holds data for later use),EVRIPremiumDHLSSIS-UKCRITICALSOTILicensesarelow-77D42B79-57CC-F011-BBD3-7C1E5267A40E.json
EVRIPremiumDHLSSIS-WeeklyAssetReport,"Runs automatically on a schedule. Connects to: Microsoft Teams; Office 365 Outlook (email); Power BI; SharePoint. This flow makes decisions based on conditions, has error-handling logic, builds a report (CSV/HTML table).",Recurrence,Every 1 week(s) on Tuesday at 01:30 (UTC) [Starts: 2025-11-27T00:00Z],Microsoft Teams; Office 365 Outlook (email); Power BI; SharePoint,"Site: https://zebra.sharepoint.com/sites/DMSBAExternal | Item/Folder: /Shared Documents/DHLPARCEL/SSIS_WEEKLYASSETREPORT/@{formatDateTime(utcNow(),'yyyy')}/@{formatDateTime(utcNow(),'MMMM')}",,,,,,varCSVContent (creates a variable) -> Scope (groups steps (often error handling)) -> Run_a_query_against_a_dataset (uses a connector to do something) -> Select (reshapes a list of records) -> Condition (checks a condition and branches) -> Create_CSV_table (builds a CSV/HTML report) -> Set_variable (updates a variable) -> Create_HTML_table (builds a CSV/HTML report) -> Compose (builds/holds data for later use) -> Set_variable_1 (updates a variable) -> Create_file (uses a connector to do something) -> Send_an_email_(V2) (uses a connector to do something) -> Error_Handling (groups steps (often error handling)) -> Post_message_in_a_chat_or_channel (uses a connector to do something) -> FAILED_Send_an_email_(V2) (uses a connector to do something) -> EmailTO (builds/holds data for later use) -> EmailCC (builds/holds data for later use),EVRIPremiumDHLSSIS-WeeklyAssetReport-7119F916-87CC-F011-BBD3-6045BDD64A0D.json
EVRIPremiumLostandStolenReports1stofMonth,"Runs automatically on a schedule. Connects to: Microsoft Teams; Office 365 Outlook (email); Power BI; SharePoint. This flow makes decisions based on conditions, has error-handling logic, builds a report (CSV/HTML table).",Recurrence,Every 1 month(s) (UTC) [Starts: 2026-04-01T06:00:00Z],Microsoft Teams; Office 365 Outlook (email); Power BI; SharePoint,"Site: https://zebra.sharepoint.com/sites/DMSBAExternal | Item/Folder: /Shared Documents/EVRI PREMIUM/OFFLINE DEVICES/OFFLINE 15 DAYS/@{formatDateTime(utcNow(), 'yyyy')}/@{formatDateTime(utcNow(), 'MM-MMMM')} || Site: https://zebra.sharepoint.com/sites/DMSBAExternal | Item/Folder: /Shared Documents/EVRI PREMIUM/OFFLINE DEVICES/OFFLINE 30 DAYS/@{formatDateTime(utcNow(), 'yyyy')}/@{formatDateTime(utcNow(), 'MM-MMMM')} || Site: https://zebra.sharepoint.com/sites/DMSBAExternal | Item/Folder: /Shared Documents/EVRI PREMIUM/OFFLINE DEVICES/OFFLINE 60 DAYS/@{formatDateTime(utcNow(), 'yyyy')}/@{formatDateTime(utcNow(), 'MM-MMMM')}",,,,,,Scope (groups steps (often error handling)) -> ScopeGT15Days (groups steps (often error handling)) -> CountOfflineGT15Days (uses a connector to do something) -> ComposeCountOfflineGT15Days (builds/holds data for later use) -> ConditionFT15Days (checks a condition and branches) -> OfflineGT15Days (uses a connector to do something) -> SelectGT15Days (reshapes a list of records) -> Create_CSV_tableGT15Days (builds a CSV/HTML report) -> Create_fileGT15Days (uses a connector to do something) -> Setvariable15Days (updates a variable) -> Setvariable15days_1 (updates a variable) -> ScopeGT30Days (groups steps (often error handling)) -> CountOfflineGT30Days (uses a connector to do something) -> ComposeCountOfflineGT30Days (builds/holds data for later use) -> ConditionGT30Days (checks a condition and branches) -> OfflineGT30Days (uses a connector to do something) -> SelectGT30Days (reshapes a list of records) -> Create_CSV_tableGT30Days (builds a CSV/HTML report) -> Create_fileGT30Days (uses a connector to do something) -> Setvariable30days (updates a variable) -> Setvariable30days_1 (updates a variable) -> ScopeGT60Days (groups steps (often error handling)) -> CountOfflineGT60Days (uses a connector to do something) -> ComposeCountOfflineGT60Days (builds/holds data for later use) -> ConditionGT60Days (checks a condition and branches) -> OfflineGT60Days (uses a connector to do something) -> SelectGT60Days (reshapes a list of records) -> Create_CSV_tableGT60Days (builds a CSV/HTML report) -> Create_fileGT60Days (uses a connector to do something) -> Setvariable60days (updates a variable) -> Setvariable60days_1 (updates a variable) -> Send_an_email_(V2) (uses a connector to do something) -> ScopeMailBody (groups steps (often error handling)) -> Run_a_query_against_a_datasetMailBody (uses a connector to do something) -> SelectMailBody (reshapes a list of records) -> Create_HTML_table (builds a CSV/HTML report) -> ComposeMailTable (builds/holds data for later use) -> EmailTO (builds/holds data for later use) -> EmailCC (builds/holds data for later use) -> CatchError (groups steps (often error handling)) -> Post_message_in_a_chat_or_channel (uses a connector to do something) -> Filter_array (filters a list of records) -> Error_Message (builds/holds data for later use) -> varCSVContent15Days (creates a variable) -> varCSVContent30Days (creates a variable) -> varCSVContent60Days (creates a variable),EVRIPremiumLostandStolenReports1stofMonth-58BE93FA-0417-F111-8341-000D3A8F644D.json
EVRIPremiumMovingOffline30daystoLOSTFolder,"Runs automatically on a schedule. Connects to: Azure Key Vault (secrets/passwords); Microsoft Teams; Office 365 Outlook (email); Power BI; SharePoint. This flow loops through a list of records, makes decisions based on conditions, has error-handling logic, calls an external API/website, builds a report (CSV/HTML table).",Recurrence,Every 1 month(s) (UTC) [Starts: 2026-08-15T11:00:00Z],Azure Key Vault (secrets/passwords); Microsoft Teams; Office 365 Outlook (email); Power BI; SharePoint,"Site: https://zebra.sharepoint.com/sites/DMSBAExternal | Item/Folder: /Shared Documents/EVRI PREMIUM/LOST AND STOLEN/OFFLINE MORE THAN 30 DAYS/MOVED/@{formatDateTime(utcNow(),'yyyy')}/@{formatDateTime(utcNow(),'MM')}/",,,,@{outputs('UML')}/api/devicegroups/referenceId:@{variables('LostFolderReferenceId')}/members || @{outputs('UML')}/api/token,,ClientIDSecret (creates a variable) -> EncodeSecret (builds/holds data for later use) -> UID (creates a variable) -> Password (creates a variable) -> Get_secret_ClientIDSecret (uses a connector to do something) -> Get_secretPSWD (uses a connector to do something) -> ERROR_Handling (groups steps (often error handling)) -> Post_FAILED_message_in_a_chat_or_channel_1 (uses a connector to do something) -> Get_UID (uses a connector to do something) -> Get_pswd (uses a connector to do something) -> UML (builds/holds data for later use) -> EmailTO (builds/holds data for later use) -> EmailCC (builds/holds data for later use) -> Scope_1 (groups steps (often error handling)) -> OfflineGT30Days (uses a connector to do something) -> SelectGT30Days (reshapes a list of records) -> Create_CSV_tableGT30Days (builds a CSV/HTML report) -> Create_HTML_table (builds a CSV/HTML report) -> Compose (builds/holds data for later use) -> Condition (checks a condition and branches) -> Condition_PreMovingList (checks a condition and branches) -> Terminate (stops the flow) -> Apply_to_each (repeats steps for each item in a list) -> HTTP_MoveDevice (calls an external website or API) -> ComposeHTTPCode (builds/holds data for later use) -> Condition_1 (checks a condition and branches) -> Append_to_array_variable_PASSED (adds an item to a list in memory) -> Append_to_array_variable (adds an item to a list in memory) -> Send_an_email_(V2) (uses a connector to do something) -> Create_HTML_table_PASSED (builds a CSV/HTML report) -> Create_HTML_table_FAILED (builds a CSV/HTML report) -> Compose_PASSED (builds/holds data for later use) -> Compose_FAILED (builds/holds data for later use) -> SUCCESS_Handling (groups steps (often error handling)) -> SUCCESS_Send_an_email_(V2) (uses a connector to do something) -> Post_PASSED_message_in_a_chat_or_channel (uses a connector to do something) -> FAILED_Handling (groups steps (often error handling)) -> Failure_Send_an_email_(V2) (uses a connector to do something) -> Post_FAILED_message_in_a_chat_or_channel (uses a connector to do something) -> Create_file (uses a connector to do something) -> Terminate_1 (stops the flow) -> arrFailureLog (creates a variable) -> arrSuccessLog (creates a variable) -> Initialize_variable (creates a variable) -> ERROR_Handling_1 (groups steps (often error handling)) -> Post_FAILED_message_in_a_chat_or_channel_2 (uses a connector to do something) -> HTTP (calls an external website or API) -> TokenParse_JSON (reads structured data from a previous step) -> AccessToken (creates a variable) -> ERROR_Handling_1_1 (groups steps (often error handling)) -> Post_FAILED_message_in_a_chat_or_channel_3 (uses a connector to do something) -> CountOfflineGT30Days (uses a connector to do something) -> Compose_LostId (builds/holds data for later use) -> GetLostFolderID (uses a connector to do something) -> RenameDevices (creates a variable) -> Offlinemorethan30days (builds/holds data for later use),EVRIPremiumMovingOffline30daystoLOSTFolder-509160AB-751F-F111-8342-7CED8D210053.json
EVRIPremiumOffline60daystobeDeleted,"Runs automatically on a schedule. Connects to: Microsoft Teams; Office 365 Outlook (email); Power BI; SharePoint. This flow makes decisions based on conditions, has error-handling logic, builds a report (CSV/HTML table).",Recurrence,Every 1 day(s) at 13:10 (UTC) [Starts: 2026-04-28T13:00:00Z],Microsoft Teams; Office 365 Outlook (email); Power BI; SharePoint,"Site: https://zebra.sharepoint.com/sites/DMSBAExternal | Item/Folder: /Shared Documents/EVRI PREMIUM/LOST AND STOLEN/LOST OFFLINE MORE THAN 60 DAYS/@{formatDateTime(utcNow(),'yyyy')}/@{formatDateTime(utcNow(),'MM')}/",,,,,,ERROR_Handling (groups steps (often error handling)) -> Post_FAILED_message_in_a_chat_or_channel_1 (uses a connector to do something) -> EmailTO (builds/holds data for later use) -> EmailCC (builds/holds data for later use) -> Scope (groups steps (often error handling)) -> OfflineGT60Days (uses a connector to do something) -> SelectGT60Days (reshapes a list of records) -> Create_CSV_tableGT60Days (builds a CSV/HTML report) -> Create_HTML_table (builds a CSV/HTML report) -> Compose (builds/holds data for later use) -> Condition (checks a condition and branches) -> Condition_PreMovingList (checks a condition and branches) -> Terminate (stops the flow) -> Send_an_email_(V2) (uses a connector to do something) -> Create_file (uses a connector to do something) -> Terminate_1 (stops the flow) -> CountOfflineGT60Days (uses a connector to do something) -> Offlinemorethan60days (builds/holds data for later use),EVRIPremiumOffline60daystobeDeleted-BA3F4996-882A-F111-88B3-7CED8DD7139C.json
EVRIPremiumOffline60daystoDeletedon1st,"Runs automatically on a schedule. Connects to: Approvals; Microsoft Teams; Office 365 Outlook (email); Power BI; SharePoint. This flow makes decisions based on conditions, has error-handling logic, calls another (child) flow, builds a report (CSV/HTML table).",Recurrence,Every 1 month(s) (UTC) [Starts: 2026-06-01T13:30:00Z],Approvals; Microsoft Teams; Office 365 Outlook (email); Power BI; SharePoint,"Site: https://zebra.sharepoint.com/sites/DMSBAExternal | Item/Folder: /Shared Documents/EVRI PREMIUM/LOST AND STOLEN/LOST OFFLINE MORE THAN 60 DAYS TO DELETE/@{formatDateTime(utcNow(),'yyyy')}/@{formatDateTime(utcNow(),'MM')}/",,,,,,EmailTO (builds/holds data for later use) -> EmailCC (builds/holds data for later use) -> Scope (groups steps (often error handling)) -> OfflineGT60Days (uses a connector to do something) -> SelectGT60Days (reshapes a list of records) -> Create_CSV_tableGT60Days (builds a CSV/HTML report) -> Create_HTML_table (builds a CSV/HTML report) -> Compose (builds/holds data for later use) -> Condition (checks a condition and branches) -> Condition_PreMovingList (checks a condition and branches) -> Terminate (stops the flow) -> Send_an_email_(V2) (uses a connector to do something) -> Compose_Email (builds/holds data for later use) -> Start_and_wait_for_an_approval (OpenApiConnectionWebhook) -> Condition_ChildFlow (checks a condition and branches) -> For_each (foreach) -> Run_a_Child_Flow (calls another (child) flow) -> Create_file (uses a connector to do something) -> Terminate_1 (stops the flow) -> Compose_-_Devices_JSON (builds/holds data for later use) -> Compose_-_Devices_JSON_String (builds/holds data for later use) -> CountOfflineGT60Days (uses a connector to do something) -> Offlinemorethan60days (creates a variable) -> CatchError (groups steps (often error handling)) -> Filter_array (filters a list of records) -> Error_Message (builds/holds data for later use) -> Post_message_in_a_chat_or_channel (uses a connector to do something),EVRIPremiumOffline60daystoDeletedon1st-84B4625E-F22D-F111-88B3-7CED8DD7139C.json
EVRiRefreshStockVisibilityandReporting,Runs automatically on a schedule. Connects to: Microsoft Teams; Power BI. This flow has error-handling logic.,Recurrence,Every 1 day(s) at 13:15 (UTC) [Starts: 2025-05-05T15:00:00Z],Microsoft Teams; Power BI,,,,,,,Error_Handling (groups steps (often error handling)) -> Post_message_in_a_chat_or_channel (uses a connector to do something) -> Filter_array (filters a list of records) -> Error_Message (builds/holds data for later use) -> Scope (groups steps (often error handling)) -> Refresh_a_dataset (uses a connector to do something),EVRiRefreshStockVisibilityandReporting-746E8B9C-7E20-F111-8341-7CED8DD7139C.json
EVRIRenamingConsolidatedMovingOffline30daystoLOSTF,"Runs when called by another app, flow, or system. Connects to: Azure Key Vault (secrets/passwords). This flow calls an external API/website.",Request,,Azure Key Vault (secrets/passwords),,,,,https://mlmsti49.zebra.com/MobiControl/api/token || https://mlmsti49.zebra.com:443/MobiControl/api/devices/actions,,HTTP (calls an external website or API) -> ClientIDSecret (creates a variable) -> EncodeSecret (builds/holds data for later use) -> UID (creates a variable) -> Password (creates a variable) -> TokenParse_JSON (reads structured data from a previous step) -> AccessToken (creates a variable) -> Get_secret_ClientIDSecret (uses a connector to do something) -> Get_secretPSWD (uses a connector to do something) -> HTTP_MoveDevice (calls an external website or API),EVRIRenamingConsolidatedMovingOffline30daystoLOSTF-22947E2D-72AB-F011-BBD3-0022482F23C8.json
EVRiRepairDevicesPictureFromSFTP,"Runs when called by another app, flow, or system. Connects to: shared_sftpwithssh.",Request,,shared_sftpwithssh,,,,,,,Filter_array (filters a list of records) -> List_files_in_folder (uses a connector to do something),EVRiRepairDevicesPictureFromSFTP-C0FD3BC8-CA22-F111-8341-7CED8DD7139C.json
EVRIRMADamagedPDAPictures,"Runs automatically on a schedule. Connects to: Microsoft Teams; SharePoint; shared_sftpwithssh. This flow loops through a list of records, makes decisions based on conditions, has error-handling logic.",Recurrence,Every 4 hour(s) (UTC) [Starts: 2026-04-22T20:00:00Z],Microsoft Teams; SharePoint; shared_sftpwithssh,Site: https://zebra.sharepoint.com/sites/DMSBAExternal | Item/Folder: /Shared Documents/EVRi/DAMAGED_PDA_PHOTO || Site: https://zebra.sharepoint.com/sites/DMSBAExternal | Item/Folder: /Shared Documents/EVRi/DAMAGED_PDA_PHOTO/@{items('Apply_to_each_-_Root')?['Name']},,,,,,List_files_in_folder (uses a connector to do something) -> Get_past_time (Expression) -> Scope (groups steps (often error handling)) -> Apply_to_each_-_Root (repeats steps for each item in a list) -> Condition (checks a condition and branches) -> List_files_in_Subfolder (uses a connector to do something) -> Apply_to_each_-_Subfolder (repeats steps for each item in a list) -> Condition_-_Folders_in_Past_4hours (checks a condition and branches) -> Get_file_content_of_Folders_Past4Hours (uses a connector to do something) -> Create_file_-_Modified_Past4Hours (uses a connector to do something) -> Condition_-_File (checks a condition and branches) -> Get_file_content (uses a connector to do something) -> Create_file (uses a connector to do something) -> Compose-Is-Folder (builds/holds data for later use) -> CatchError (groups steps (often error handling)) -> Post_message_in_a_chat_or_channel (uses a connector to do something) -> Filter_array (filters a list of records) -> Error_Message (builds/holds data for later use),EVRIRMADamagedPDAPictures-00D94526-FF3E-F111-88B4-7CED8DD7139C.json
EVRiSFDCCOLAccessAutomation,Runs automatically on a schedule. Connects to: Office 365 Outlook (email); Power BI; shared_sftpwithssh. This flow builds a report (CSV/HTML table).,Recurrence,Every 10 minute(s) (Central Europe Standard Time) [Starts: 2024-07-18T07:59:30Z],Office 365 Outlook (email); Power BI; shared_sftpwithssh,,,,,,,Run_a_query_against_a_dataset (uses a connector to do something) -> Refresh_a_dataset (uses a connector to do something) -> Select (reshapes a list of records) -> Create_CSV_table (builds a CSV/HTML report) -> Compose (builds/holds data for later use) -> Compose_1 (builds/holds data for later use) -> Create_HTML_table (builds a CSV/HTML report) -> Create_file (uses a connector to do something) -> Filter_array (filters a list of records) -> List_files_in_folder (uses a connector to do something) -> Delay (pauses the flow) -> Send_an_email_(V2) (uses a connector to do something),EVRiSFDCCOLAccessAutomation-6E02F46D-FEF8-EF11-BE20-7C1E528247C3.json
EVRISOTIBYODDevicesGroupPathID,"Runs automatically on a schedule. Connects to: Azure Key Vault (secrets/passwords); Microsoft Teams; Office 365 Outlook (email); SharePoint. This flow loops through a list of records, has error-handling logic, calls an external API/website.",Recurrence,Every 1 week(s) on Saturday at 08:00 (UTC) [Starts: 2025-09-15T07:00:00Z],Azure Key Vault (secrets/passwords); Microsoft Teams; Office 365 Outlook (email); SharePoint,Site: https://zebra.sharepoint.com/sites/StrategicInnovationandAutomation || Site: https://zebra.sharepoint.com/sites/StrategicInnovationandAutomation | Item/Folder: @items('For_each')?['ID'],,,,https://mlmsti31.zebra.com/MobiControl/api/token || https://mlmsti31.zebra.com:443/MobiControl/api/devicegroups?filter=path:contains(Lost),,Master (groups steps (often error handling)) -> Scope (groups steps (often error handling)) -> HTTP_GetDeviceGroupPathID (calls an external website or API) -> Parse_JSON (reads structured data from a previous step) -> Scope_2 (groups steps (often error handling)) -> Get_items (uses a connector to do something) -> For_each (repeats steps for each item in a list) -> Delete_item (uses a connector to do something) -> Scope_3 (groups steps (often error handling)) -> Apply_to_each (repeats steps for each item in a list) -> Create_item (uses a connector to do something) -> Error_Handling (groups steps (often error handling)) -> FAILED_Send_an_email_(V2) (uses a connector to do something) -> Post_message_in_a_chat_or_channel (uses a connector to do something) -> Get_secret_ClientIDSecret (uses a connector to do something) -> Get_secretPSWD (uses a connector to do something) -> ClientIDSecret (creates a variable) -> UID (creates a variable) -> Password (creates a variable) -> EncodeSecret (builds/holds data for later use) -> HTTP (calls an external website or API) -> TokenParse_JSON (reads structured data from a previous step) -> AccessToken (creates a variable),EVRISOTIBYODDevicesGroupPathID-2D25B121-57B9-F011-BBD3-6045BDD64A0D.json
EVRISOTIZebraDevicesGroupPathID,"Runs automatically on a schedule. Connects to: Azure Key Vault (secrets/passwords); Microsoft Teams; SharePoint. This flow loops through a list of records, makes decisions based on conditions, has error-handling logic, calls an external API/website.",Recurrence,Every 1 day(s) at 08:00,Azure Key Vault (secrets/passwords); Microsoft Teams; SharePoint,Site: https://zebra.sharepoint.com/sites/StrategicInnovationandAutomation || Site: https://zebra.sharepoint.com/sites/StrategicInnovationandAutomation | Item/Folder: @items('For_each')?['ID'],,,,https://mlmsti19web01.zebra.com/MobiControl/api/token || https://mlmsti19web01.zebra.com:443/MobiControl/api/devicegroups?filter=path:contains(Lost),,HTTP (calls an external website or API) -> ClientIDSecret (creates a variable) -> EncodeSecret (builds/holds data for later use) -> UID (creates a variable) -> Password (creates a variable) -> TokenParse_JSON (reads structured data from a previous step) -> AccessToken (creates a variable) -> Get_secret_ClientIDSecret (uses a connector to do something) -> Delay (pauses the flow) -> Get_secretPSWD (uses a connector to do something) -> HTTP_GetDeviceGroupPathID (calls an external website or API) -> Parse_JSON (reads structured data from a previous step) -> CatchError (groups steps (often error handling)) -> Post_message_in_a_chat_or_channel_1 (uses a connector to do something) -> Filter_array (filters a list of records) -> Error_Message (builds/holds data for later use) -> Scope (groups steps (often error handling)) -> Apply_to_each (repeats steps for each item in a list) -> Condition (checks a condition and branches) -> Create_item (uses a connector to do something) -> For_each (repeats steps for each item in a list) -> Update_item (uses a connector to do something) -> Get_items (uses a connector to do something),EVRISOTIZebraDevicesGroupPathID-4F5B7939-8FCF-F011-BBD3-6045BDD64A0D.json
EVRISSIS-WeeklyAssetReport,"Runs automatically on a schedule. Connects to: Office 365 Outlook (email); Power BI; SharePoint. This flow makes decisions based on conditions, builds a report (CSV/HTML table).",Recurrence,Every 1 week(s) on Monday at 01:30 (UTC) [Starts: 2025-11-27T00:00Z],Office 365 Outlook (email); Power BI; SharePoint,"Site: https://zebra.sharepoint.com/sites/DMSBAExternal | Item/Folder: /Shared Documents/EVRi/SSIS_ASSETREPORTS/WEEKLYASSETREPORT/@{formatDateTime(utcNow(),'yyyy')}/@{formatDateTime(utcNow(),'MMMM')}",,,,,,Run_a_query_against_a_dataset (uses a connector to do something) -> varCSVContent (creates a variable) -> Select (reshapes a list of records) -> Condition (checks a condition and branches) -> Create_CSV_table (builds a CSV/HTML report) -> Set_variable (updates a variable) -> Create_HTML_table (builds a CSV/HTML report) -> Compose (builds/holds data for later use) -> Set_variable_1 (updates a variable) -> Create_file (uses a connector to do something) -> Send_an_email_(V2) (uses a connector to do something),EVRISSIS-WeeklyAssetReport-F8E71E6A-90CC-F011-BBD3-6045BDD64A0D.json
EVRISSIS-WeeklyPISAssetReport,"Runs automatically on a schedule. Connects to: Office 365 Outlook (email); Power BI; SharePoint. This flow makes decisions based on conditions, builds a report (CSV/HTML table).",Recurrence,Every 1 week(s) on Monday at 01:30 (UTC) [Starts: 2025-11-27T00:00Z],Office 365 Outlook (email); Power BI; SharePoint,"Site: https://zebra.sharepoint.com/sites/DMSBAExternal | Item/Folder: /Shared Documents/EVRi/SSIS_ASSETREPORTS/WEEKLYPISASSETREPORT/@{formatDateTime(utcNow(),'yyyy')}/@{formatDateTime(utcNow(),'MMMM')}",,,,,,Run_a_query_against_a_dataset (uses a connector to do something) -> varCSVContent (creates a variable) -> Select (reshapes a list of records) -> Condition (checks a condition and branches) -> Create_CSV_table (builds a CSV/HTML report) -> Set_variable (updates a variable) -> Create_HTML_table (builds a CSV/HTML report) -> Compose (builds/holds data for later use) -> Set_variable_1 (updates a variable) -> Create_file (uses a connector to do something) -> Send_an_email_(V2) (uses a connector to do something) -> Run_a_query_against_a_dataset_1 (uses a connector to do something) -> Select_1 (reshapes a list of records) -> EmailTO (builds/holds data for later use) -> EmailCC (builds/holds data for later use),EVRISSIS-WeeklyPISAssetReport-73647DCE-96CC-F011-BBD3-6045BDD64A0D.json
EVRIWeeklyLabelOrderReportingAutomation,"Trigger type: OpenApiConnection. Connects to: Microsoft Teams; Office 365 Outlook (email); Power BI; SharePoint. This flow loops through a list of records, makes decisions based on conditions, has error-handling logic, builds a report (CSV/HTML table).",OpenApiConnection,,Microsoft Teams; Office 365 Outlook (email); Power BI; SharePoint,Site: https://zebra.sharepoint.com/sites/DMSBAExternal | Item/Folder: /Shared Documents/EVRi/INTEGRITY/Evri Label reporting - Integrity || Site: https://zebra.sharepoint.com/sites/DMSBAExternal | Item/Folder: @items('For_each')?['{Identifier}'],,,,,,Master_Scope (groups steps (often error handling)) -> _PFW_WIPE_FILE (groups steps (often error handling)) -> Compose_Expected_LABEL_Filename (builds/holds data for later use) -> Get_files_(properties_only)_LABEL (uses a connector to do something) -> Filter_array_LABELFILE (filters a list of records) -> Condition_LABELFILE (checks a condition and branches) -> For_each (repeats steps for each item in a list) -> Get_file_content_LABEL_FILE (uses a connector to do something) -> Convert_CSV_Content_to_String_LABELFILE (builds/holds data for later use) -> Split_CSV_into_Lines_LABEL_FILE (builds/holds data for later use) -> Condition_ (checks a condition and branches) -> Append_to_array_variable_LABELFILE (adds an item to a list in memory) -> Send_an_email_(V2) (uses a connector to do something) -> Export_To_File_for_Power_BI_Reports (uses a connector to do something) -> Compose_barchart (builds/holds data for later use) -> Get_files_(properties_only)_LABEL_False (uses a connector to do something) -> Filter_for_CSV_files_only (filters a list of records) -> Condition (checks a condition and branches) -> FAILED_Send_an_email_(V2)_FILE_TYPO (uses a connector to do something) -> FAILED_Send_an_email_(V2)_NO_FILE_FOUND (uses a connector to do something) -> Error_Handling (groups steps (often error handling)) -> Post_message_in_a_chat_or_channel (uses a connector to do something) -> FAILED_Send_an_email_(V2) (uses a connector to do something) -> Compose_Today's_Date_String_(yyyyMMdd) (builds/holds data for later use) -> TriggerCondition_ (checks a condition and branches) -> Delay (pauses the flow) -> Terminate (stops the flow) -> Append_to_array_variable (adds an item to a list in memory) -> Select (reshapes a list of records) -> Run_a_query_against_a_dataset (uses a connector to do something) -> AttachmentsArray (creates a variable) -> finalDataArray (creates a variable) -> Create_HTML_table (builds a CSV/HTML report) -> Compose (builds/holds data for later use) -> Compose_FinalTableForEmail (builds/holds data for later use) -> EmailTO (builds/holds data for later use) -> EmailCC (builds/holds data for later use),EVRIWeeklyLabelOrderReportingAutomation-98C0DA8E-B068-F011-BEC2-0022482F23C8.json
EVRiZebraandNon-ZebraOffline15_30_60DaysforSM,"Runs automatically on a schedule. Connects to: Office 365 Outlook (email); Power BI. This flow makes decisions based on conditions, builds a report (CSV/HTML table).",Recurrence,Every 1 month(s) (W. Europe Standard Time) [Starts: 2025-02-01T09:00:00Z],Office 365 Outlook (email); Power BI,,,,,,,EVRiCountMoreThan15DaysOffline (uses a connector to do something) -> Offlinemorethan15days (creates a variable) -> Condition15Days (checks a condition and branches) -> EVRi_Offline_More_Than_15_Days (uses a connector to do something) -> Select_EVRI_Offline_More_Than_15_Days (reshapes a list of records) -> Create_CSV_table (builds a CSV/HTML report) -> Create_HTML_table (builds a CSV/HTML report) -> Compose (builds/holds data for later use) -> EVRiCountMoreThan30DaysOffline (uses a connector to do something) -> EVRiCountMoreThan60DaysOffline (uses a connector to do something) -> Offlinemorethan30days (creates a variable) -> Offlinemorethan60days (creates a variable) -> Condition_for_Email (checks a condition and branches) -> Send_an_email_(V2) (uses a connector to do something) -> Send_an_email_(V2)_ (uses a connector to do something) -> Condition30Days (checks a condition and branches) -> EVRi_Offline_More_Than_30_Days (uses a connector to do something) -> Create_CSV_table_1 (builds a CSV/HTML report) -> Create_HTML_table_1 (builds a CSV/HTML report) -> Compose_1 (builds/holds data for later use) -> Select_EVRI_Offline_More_Than_30_Days (reshapes a list of records) -> Condition60Days (checks a condition and branches) -> EVRi_Offline_More_Than_60_Days (uses a connector to do something) -> Create_CSV_table_2 (builds a CSV/HTML report) -> Create_HTML_table_2 (builds a CSV/HTML report) -> Compose_2 (builds/holds data for later use) -> Select_EVRI_Offline_More_Than_60_Days (reshapes a list of records) -> Run_a_query_against_a_dataset (uses a connector to do something) -> Select (reshapes a list of records) -> NonZebraEVRiCountMoreThan15DaysOffline (uses a connector to do something) -> NonZebraEVRiCountMoreThan30DaysOffline (uses a connector to do something) -> NonZebraEVRiCountMoreThan60DaysOffline (uses a connector to do something) -> NonZebraOfflinemorethan15days (creates a variable) -> NonZebraOfflinemorethan30days (creates a variable) -> NonZebraOfflinemorethan60days (creates a variable) -> NonZebraCondition15Days (checks a condition and branches) -> NonZebraEVRi_Offline_More_Than_15_Days (uses a connector to do something) -> NonZebraSelect_EVRI_Offline_More_Than_15_Days (reshapes a list of records) -> NonZebraCreate_CSV15Days (builds a CSV/HTML report) -> NonZebraCreate_HTML_table15Days (builds a CSV/HTML report) -> NonZebraCompose15Days (builds/holds data for later use) -> NonZebraCondition30Days (checks a condition and branches) -> NonZebraEVRi_Offline_More_Than_30_Days (uses a connector to do something) -> NonZebraCreate_CSV30Days (builds a CSV/HTML report) -> NonZebraCreate_HTML_table30Days (builds a CSV/HTML report) -> NonZebraCompose30Days (builds/holds data for later use) -> NonZebraSelect_EVRI_Offline_More_Than_30_Days (reshapes a list of records) -> NonZebraCondition60Days (checks a condition and branches) -> NonZebraEVRi_Offline_More_Than_60_Days (uses a connector to do something) -> NonZebraCreate_CSV60Days (builds a CSV/HTML report) -> NonZebraCreate_HTML_table60Days (builds a CSV/HTML report) -> NonZebraCompose60Days (builds/holds data for later use) -> NonZebraSelect_EVRI_Offline_More_Than_60_Days (reshapes a list of records) -> NonZebraSelectAll (reshapes a list of records) -> NonZebraCreate_HTMLtable (builds a CSV/HTML report) -> NonZebraCompose3 (builds/holds data for later use) -> Create_HTML_table_3 (builds a CSV/HTML report) -> Compose_3 (builds/holds data for later use) -> NonZebraRun_a_query_against_a_dataset (uses a connector to do something),EVRiZebraandNon-ZebraOffline15_30_60DaysforSM-9BA43A4B-FEF8-EF11-BE20-6045BDD3BDDA.json
EVRIZebraConsolidatedMovingOffline30daystoLOSTFold,"Runs automatically on a schedule. Connects to: Azure Key Vault (secrets/passwords); Microsoft Teams; Office 365 Outlook (email); Power BI; SharePoint. This flow loops through a list of records, makes decisions based on conditions, has error-handling logic, calls an external API/website, builds a report (CSV/HTML table).",Recurrence,Every 1 month(s) (UTC) [Starts: 2024-12-15T13:00:00Z],Azure Key Vault (secrets/passwords); Microsoft Teams; Office 365 Outlook (email); Power BI; SharePoint,Site: https://zebra.sharepoint.com/sites/StrategicInnovationandAutomation || Site: https://zebra.sharepoint.com/sites/StrategicInnovationandAutomation | Item/Folder: /Shared Documents/DOCUMENTS/1. ACCOUNTS/EVRI/LOST AND STOLEN/CONSOLIDATED DEVICES/OFFLINE MORE THAN 30 DAYS/MOVED,,,,https://mlmsti49.zebra.com/MobiControl/api/token || https://mlmsti49.zebra.com:443/MobiControl/api/devicegroups/referenceId:@{variables('LostFolderReferenceId')}/members || https://mlmsti49.zebra.com:443/MobiControl/api/devices/actions,,HTTP (calls an external website or API) -> ClientIDSecret (creates a variable) -> EncodeSecret (builds/holds data for later use) -> UID (creates a variable) -> Password (creates a variable) -> TokenParse_JSON (reads structured data from a previous step) -> AccessToken (creates a variable) -> Create_CSV_table (builds a CSV/HTML report) -> Compose (builds/holds data for later use) -> Create_HTML_table (builds a CSV/HTML report) -> Select_EVRI_Offline_More_Than_30_Days (reshapes a list of records) -> EVRi_Offline_More_Than_30_Days (uses a connector to do something) -> Offlinemorethan30days (creates a variable) -> EVRiCountMoreThan30DaysOffline (uses a connector to do something) -> Get_secret_ClientIDSecret (uses a connector to do something) -> Get_secretPSWD (uses a connector to do something) -> Get_items (uses a connector to do something) -> Compose_LostId (builds/holds data for later use) -> Initialize_variable (creates a variable) -> Condition (checks a condition and branches) -> Condition_PreMovingList (checks a condition and branches) -> Terminate (stops the flow) -> Apply_to_each (repeats steps for each item in a list) -> HTTP_MoveDevice (calls an external website or API) -> ComposeHTTPCode (builds/holds data for later use) -> Condition_1 (checks a condition and branches) -> Append_to_array_variable_PASSED (adds an item to a list in memory) -> Append_to_array_variable (adds an item to a list in memory) -> Send_an_email_(V2) (uses a connector to do something) -> Create_HTML_table_PASSED (builds a CSV/HTML report) -> Create_HTML_table_FAILED (builds a CSV/HTML report) -> Compose_PASSED (builds/holds data for later use) -> Compose_FAILED (builds/holds data for later use) -> SUCCESS_Handling (groups steps (often error handling)) -> SUCCESS_Send_an_email_(V2) (uses a connector to do something) -> Post_PASSED_message_in_a_chat_or_channel (uses a connector to do something) -> FAILED_Handling (groups steps (often error handling)) -> Failure_Send_an_email_(V2) (uses a connector to do something) -> Post_FAILED_message_in_a_chat_or_channel (uses a connector to do something) -> Create_file (uses a connector to do something) -> Terminate_1 (stops the flow) -> arrSuccessLog (creates a variable) -> arrFailureLog (creates a variable) -> ERROR_Handling (groups steps (often error handling)) -> Failure_Send_an_email_(V2)_1 (uses a connector to do something) -> Post_FAILED_message_in_a_chat_or_channel_1 (uses a connector to do something) -> RenameApply_to_each (repeats steps for each item in a list) -> RenameCompose (builds/holds data for later use) -> HTTP_RenameDevice (calls an external website or API) -> ComposeRenameCode (builds/holds data for later use) -> Append_to_array_variable_RenamedDevices (adds an item to a list in memory) -> RenameDevices (creates a variable) -> Create_CSV_table_RenameDevices (builds a CSV/HTML report) -> Send_an_email_(V2)_1 (uses a connector to do something) -> TO (builds/holds data for later use) -> CC (builds/holds data for later use),EVRIZebraConsolidatedMovingOffline30daystoLOSTFold-4962DB58-5592-F011-B4CB-0022482F23C8.json
EVRIZebraDeletionofOffline60days,"Runs when called by another app, flow, or system. Connects to: Azure Key Vault (secrets/passwords); Office 365 Outlook (email); Power BI. This flow loops through a list of records, makes decisions based on conditions, calls an external API/website, builds a report (CSV/HTML table).",Request,,Azure Key Vault (secrets/passwords); Office 365 Outlook (email); Power BI,,,,,https://mlmsti19web01.zebra.com/MobiControl/api/token || https://mlmsti19web01.zebra.com:443/MobiControl/api/devices/@{items('Apply_to_each')?['Device ID']},,HTTP (calls an external website or API) -> ClientIDSecret (creates a variable) -> EncodeSecret (builds/holds data for later use) -> UID (creates a variable) -> Password (creates a variable) -> TokenParse_JSON (reads structured data from a previous step) -> AccessToken (creates a variable) -> Create_CSV_table (builds a CSV/HTML report) -> Compose (builds/holds data for later use) -> Create_HTML_table (builds a CSV/HTML report) -> Select_EVRI_Offline_More_Than_60_Days (reshapes a list of records) -> EVRi_Offline_More_Than_60_Days (uses a connector to do something) -> Offlinemorethan60days (creates a variable) -> EVRiCountMoreThan60DaysOffline (uses a connector to do something) -> Condition_PreDeletionList (checks a condition and branches) -> Send_an_email_(V2) (uses a connector to do something) -> Condition_DeletionVerification (checks a condition and branches) -> Send_an_email_(V2)_1 (uses a connector to do something) -> Send_an_email_(V2)_1-copy (uses a connector to do something) -> Apply_to_each (repeats steps for each item in a list) -> HTTP_DeleteDevice (calls an external website or API) -> Get_secret_ClientIDSecret (uses a connector to do something) -> Delay (pauses the flow) -> Get_secretPSWD (uses a connector to do something),EVRIZebraDeletionofOffline60days-38E63F4D-FEF8-EF11-BE20-7C1E528247C3.json
EVRIZebraEmailOffline60Dayson1st,"Runs automatically on a schedule. Connects to: Office 365 Outlook (email); Power BI. This flow calls an external API/website, builds a report (CSV/HTML table).",Recurrence,Every 1 month(s) (Central Europe Standard Time) [Starts: 2025-01-01T14:00:00Z],Office 365 Outlook (email); Power BI,,,,,https://mlmsti19web01.zebra.com/MobiControl/api/token || https://mlmsti19web01.zebra.com:443/MobiControl/api/devicegroups?filter=path:contains(Lost),,HTTP (calls an external website or API) -> ClientIDSecret (creates a variable) -> EncodeSecret (builds/holds data for later use) -> UID (creates a variable) -> Password (creates a variable) -> HTTP_FolderID (calls an external website or API) -> TokenParse_JSON (reads structured data from a previous step) -> AccessToken (creates a variable) -> Parse_JSON_FolderID (reads structured data from a previous step) -> Initialize_variable_LostID (creates a variable) -> Create_CSV_table (builds a CSV/HTML report) -> Compose (builds/holds data for later use) -> Create_HTML_table (builds a CSV/HTML report) -> Select_EVRI_Offline_More_Than_60_Days (reshapes a list of records) -> EVRi_Offline_More_Than_60_Days (uses a connector to do something) -> Offlinemorethan60days (creates a variable) -> EVRiCountMoreThan60DaysOffline (uses a connector to do something) -> Delay (pauses the flow) -> Send_an_email_(V2) (uses a connector to do something),EVRIZebraEmailOffline60Dayson1st-96A43A4B-FEF8-EF11-BE20-6045BDD3BDDA.json
EVRIZebraMovingOffline30daystoLOSTFolder,"Runs automatically on a schedule. Connects to: Azure Key Vault (secrets/passwords); Office 365 Outlook (email); Power BI; SharePoint. This flow loops through a list of records, makes decisions based on conditions, calls an external API/website, builds a report (CSV/HTML table).",Recurrence,Every 1 month(s) (Central Europe Standard Time) [Starts: 2024-12-15T08:00:00Z],Azure Key Vault (secrets/passwords); Office 365 Outlook (email); Power BI; SharePoint,Site: https://zebra.sharepoint.com/sites/StrategicInnovationandAutomation,,,,https://mlmsti19web01.zebra.com/MobiControl/api/token || https://mlmsti19web01.zebra.com:443/MobiControl/api/devicegroups/referenceId:@{variables('LostFolderReferenceId')}/members,,HTTP (calls an external website or API) -> ClientIDSecret (creates a variable) -> EncodeSecret (builds/holds data for later use) -> UID (creates a variable) -> Password (creates a variable) -> TokenParse_JSON (reads structured data from a previous step) -> AccessToken (creates a variable) -> Create_CSV_table (builds a CSV/HTML report) -> Compose (builds/holds data for later use) -> Create_HTML_table (builds a CSV/HTML report) -> Select_EVRI_Offline_More_Than_30_Days (reshapes a list of records) -> EVRi_Offline_More_Than_30_Days (uses a connector to do something) -> Offlinemorethan30days (creates a variable) -> EVRiCountMoreThan30DaysOffline (uses a connector to do something) -> Get_secret_ClientIDSecret (uses a connector to do something) -> Get_secretPSWD (uses a connector to do something) -> Get_items (uses a connector to do something) -> Compose_LostId (builds/holds data for later use) -> Initialize_variable (creates a variable) -> Condition (checks a condition and branches) -> Condition_PreDeletionList (checks a condition and branches) -> Send_an_email_(V2) (uses a connector to do something) -> Apply_to_each (repeats steps for each item in a list) -> HTTP_MoveDevice (calls an external website or API),EVRIZebraMovingOffline30daystoLOSTFolder-98A43A4B-FEF8-EF11-BE20-6045BDD3BDDA.json
EVRiZebraOffline60DaysforTotalMobileStarID,"Runs automatically on a schedule. Connects to: Office 365 Outlook (email); Power BI. This flow makes decisions based on conditions, builds a report (CSV/HTML table).",Recurrence,Every 1 day(s) at 09:00 (W. Europe Standard Time) [Starts: 2025-11-05T08:44:42Z],Office 365 Outlook (email); Power BI,,,,,,,EVRiCountMoreThan60DaysOffline (uses a connector to do something) -> Offlinemorethan60days (creates a variable) -> Day28 (checks a condition and branches) -> EVRi_Offline_More_Than_60_Days (uses a connector to do something) -> Select_EVRI_Offline_More_Than_60_Days (reshapes a list of records) -> Create_CSV_Offline_60_Days (builds a CSV/HTML report) -> Create_HTML_table (builds a CSV/HTML report) -> Compose_HTML_Formatting_for_Offline_60_Days (builds/holds data for later use) -> Create_CSV_table (builds a CSV/HTML report) -> Day28ofthemonth (checks a condition and branches) -> Send_an_email_(V2) (uses a connector to do something),EVRiZebraOffline60DaysforTotalMobileStarID-133EB337-8FCF-F011-BBD3-7C1E5267A40E.json
EVRiZebraPrinterReportTo03PrinterAuditSNsLocations,"Trigger type: OpenApiConnection. Connects to: Microsoft Teams; Office 365 Outlook (email); SharePoint. This flow loops through a list of records, makes decisions based on conditions, has error-handling logic.",OpenApiConnection,,Microsoft Teams; Office 365 Outlook (email); SharePoint,"Site: https://zebra.sharepoint.com/sites/Evri-TC75Samsung || Site: https://zebra.sharepoint.com/sites/Evri-TC75Samsung | Item/Folder: /Shared Documents/General/Printer Management (ZT410, ZT411, ZT230)/03. Printer Audit, SNs & Locations",,,,,,Scope (groups steps (often error handling)) -> For_each (repeats steps for each item in a list) -> Condition (checks a condition and branches) -> Get_files_(properties_only) (uses a connector to do something) -> Apply_to_each (repeats steps for each item in a list) -> Condition_1 (checks a condition and branches) -> Move_file (uses a connector to do something) -> AttachmentName (builds/holds data for later use) -> Create_file (uses a connector to do something) -> Compose (builds/holds data for later use) -> CatchError (groups steps (often error handling)) -> Post_message_in_a_chat_or_channel (uses a connector to do something) -> Filter_array (filters a list of records) -> Error_Message (builds/holds data for later use),EVRiZebraPrinterReportTo03PrinterAuditSNsLocations-1048BDDD-5A06-F111-8407-000D3A8F644D.json
EVRIZebraSOTI49DeviceInfo,"Runs automatically on a schedule. Connects to: Microsoft Teams; Power BI; SharePoint. This flow loops through a list of records, has error-handling logic, calls an external API/website.",Recurrence,Every 75 minute(s) (Central Europe Standard Time) [Starts: 2025-05-30T19:00:00Z],Microsoft Teams; Power BI; SharePoint,Site: https://zebra.sharepoint.com/sites/StrategicInnovationandAutomation | Item/Folder: %252fShared%2bDocuments%252fDOCUMENTS%252f1.%2bACCOUNTS%252fEVRI%252fEMM%2bDATA%252fSOTI49%252fDeviceInfo.json || Site: https://zebra.sharepoint.com/sites/StrategicInnovationandAutomation | Item/Folder: /Shared Documents/DOCUMENTS/1. ACCOUNTS/EVRI/EMM DATA/SOTI49,,,,@{variables('baseUrl')}/devices?skip=@{variables('skip')}&take=@{variables('take')} || @{variables('baseUrl')}/token,,hasMoreDevices (creates a variable) -> alldevices (creates a variable) -> currentSkip (creates a variable) -> take (creates a variable) -> skip (creates a variable) -> AccessToken (creates a variable) -> TokenParse_JSON (reads structured data from a previous step) -> HTTP (calls an external website or API) -> EncodeSecret (builds/holds data for later use) -> Password (creates a variable) -> UID (creates a variable) -> ClientIDSecret (creates a variable) -> apiToken (creates a variable) -> baseUrl (creates a variable) -> Scope (groups steps (often error handling)) -> Do_until (repeats steps until a condition is met) -> HTTPGetDeviceList (calls an external website or API) -> Parse_JSON (reads structured data from a previous step) -> Set_variable (updates a variable) -> Set_variable_1 (updates a variable) -> Debug_Page_Size (builds/holds data for later use) -> Debug_Total_Devices (builds/holds data for later use) -> Set_variable_2 (updates a variable) -> Delay (pauses the flow) -> Apply_to_each (repeats steps for each item in a list) -> Append_to_array_variable (adds an item to a list in memory) -> TotalDevices (builds/holds data for later use) -> Update_file (uses a connector to do something) -> Create_file (uses a connector to do something) -> Delay_1 (pauses the flow) -> Refresh_a_dataset (uses a connector to do something) -> CatchError (groups steps (often error handling)) -> Post_message_in_a_chat_or_channel_1 (uses a connector to do something) -> Filter_array (filters a list of records) -> Error_Message (builds/holds data for later use),EVRIZebraSOTI49DeviceInfo-D9C4B0A6-1B0A-F011-BAE3-6045BDD3BDDA.json
EVRI_OfflineDeviceAlert_DeviceBaseline,"Runs automatically on a schedule. Connects to: Office 365 Outlook (email); Power BI; SharePoint. This flow loops through a list of records, has error-handling logic.",Recurrence,Every 1 day(s) at 00:10 (Central Europe Standard Time),Office 365 Outlook (email); Power BI; SharePoint,Site: https://zebra.sharepoint.com/sites/StrategicInnovationandAutomation || Site: https://zebra.sharepoint.com/sites/StrategicInnovationandAutomation | Item/Folder: @item()?['ID'] || Site: https://zebra.sharepoint.com/sites/StrategicInnovationandAutomation | Item/Folder: @items('For_eachZebraTC57')?['ID'],,,,,,Send_an_email_(V2) (uses a connector to do something) -> Parent_Scope (groups steps (often error handling)) -> Scope_ET45 (groups steps (often error handling)) -> Run_a_query_against_a_dataset_ET45 (uses a connector to do something) -> ComposeET45P (builds/holds data for later use) -> Get_items_ET45 (uses a connector to do something) -> For_each_ET45 (repeats steps for each item in a list) -> Update_itemET45 (uses a connector to do something) -> Scope_BYOD (groups steps (often error handling)) -> Run_a_query_against_a_dataset_SamsungBYOD (uses a connector to do something) -> ComposeBYODP (builds/holds data for later use) -> Get_items_BYOD (uses a connector to do something) -> For_eachBYOD (repeats steps for each item in a list) -> Update_itemBYOD (uses a connector to do something) -> Scope_ZebraTC75 (groups steps (often error handling)) -> Run_a_query_against_a_dataset_ZebraTC75 (uses a connector to do something) -> ComposeZebraTC75P (builds/holds data for later use) -> Get_itemsZebraTC75 (uses a connector to do something) -> For_eachZebraTC57 (repeats steps for each item in a list) -> Update_itemZebraTC75 (uses a connector to do something),EVRI_OfflineDeviceAlert_DeviceBaseline-23584EC8-1445-F011-8779-6045BDD3BDDA.json
FRIDAYRMGLostAndStolenFilesToTBWtoUpdatetheX012,"Runs automatically on a schedule. Connects to: Microsoft Teams; Office 365 Outlook (email); SharePoint. This flow loops through a list of records, makes decisions based on conditions, has error-handling logic.",Recurrence,Every 1 week(s) on Friday at 17:00 (Central Europe Standard Time),Microsoft Teams; Office 365 Outlook (email); SharePoint,Site: https://zebra.sharepoint.com/sites/DMSBAExternal | Item/Folder: /Shared Documents/RMG/LOST AND STOLEN/LOST/PFWD/MOVED || Site: https://zebra.sharepoint.com/sites/DMSBAExternal | Item/Folder: /Shared Documents/RMG/LOST AND STOLEN/LOST/RML/MOVED || Site: https://zebra.sharepoint.com/sites/DMSBAExternal | Item/Folder: /Shared Documents/RMG/LOST AND STOLEN/WIPE/PFWD/MOVED || Site: https://zebra.sharepoint.com/sites/DMSBAExternal | Item/Folder: /Shared Documents/RMG/LOST AND STOLEN/WIPE/RML/MOVED || Site: https://zebra.sharepoint.com/sites/DMSBAExternal | Item/Folder: @items('For_each')?['{Identifier}'] || Site: https://zebra.sharepoint.com/sites/DMSBAExternal | Item/Folder: @items('For_each_PFWLOST')?['{Identifier}'] || Site: https://zebra.sharepoint.com/sites/DMSBAExternal | Item/Folder: @items('For_each_RMLLOST')?['{Identifier}'] || Site: https://zebra.sharepoint.com/sites/DMSBAExternal | Item/Folder: @items('For_each_RMLWIPE')?['{Identifier}'],,,,,,Master_Scope (groups steps (often error handling)) -> _PFW_WIPE_FILE (groups steps (often error handling)) -> Compose_Expected_PFW_WIPE_Filename (builds/holds data for later use) -> Get_files_(properties_only)_PFWWIPE (uses a connector to do something) -> Filter_array_PFWWIPE (filters a list of records) -> Condition_PFWWIPE (checks a condition and branches) -> For_each (repeats steps for each item in a list) -> Get_file_content_PFW_WIPE_FILE (uses a connector to do something) -> Convert_CSV_Content_to_String_PFWWIPE (builds/holds data for later use) -> Split_CSV_into_Lines_PFW_WIPE_FILE (builds/holds data for later use) -> Condition_PFWWIPE_Available (checks a condition and branches) -> Append_to_array_variable_PFWWIPE (adds an item to a list in memory) -> Compose (builds/holds data for later use) -> _PFW_LOST_FILE (groups steps (often error handling)) -> Compose_Expected_PFW_LOST_Filename (builds/holds data for later use) -> Get_files_(properties_only)_PFWLOST (uses a connector to do something) -> Condition_PFWLOST (checks a condition and branches) -> For_each_PFWLOST (repeats steps for each item in a list) -> Get_file_content_PFW_LOST_FILE (uses a connector to do something) -> Convert_CSV_Content_to_String_PFWLOST (builds/holds data for later use) -> Split_CSV_into_Lines_PFW_LOST_FILE (builds/holds data for later use) -> Condition_PFWLOST_Available (checks a condition and branches) -> Append_to_array_variable_PFWLOST (adds an item to a list in memory) -> Filter_array_PFWLOST (filters a list of records) -> RML_LOST_FILE (groups steps (often error handling)) -> Compose_Expected_RML_LOST_Filename (builds/holds data for later use) -> Get_files_(properties_only)_RMLLOST (uses a connector to do something) -> Condition_RMLLOST (checks a condition and branches) -> For_each_RMLLOST (repeats steps for each item in a list) -> Get_file_content_RML_LOST_FILE (uses a connector to do something) -> Convert_CSV_Content_to_String_RMLLOST (builds/holds data for later use) -> Split_CSV_into_Lines_RML_LOST_FILE (builds/holds data for later use) -> Condition_RMLLOST_Available (checks a condition and branches) -> Append_to_array_variable_RMLLOST (adds an item to a list in memory) -> Filter_array_RMLLOST (filters a list of records) -> RML_WIPE_FILE (groups steps (often error handling)) -> Compose_Expected_RML_WIPE_Filename (builds/holds data for later use) -> Get_files_(properties_only)_RMLWIPE (uses a connector to do something) -> Condition_RMLWIPE (checks a condition and branches) -> For_each_RMLWIPE (repeats steps for each item in a list) -> Get_file_content_RML_WIPE_FILE (uses a connector to do something) -> Convert_CSV_Content_to_String_RMLWIPE (builds/holds data for later use) -> Split_CSV_into_Lines_RML_WIPE_FILE (builds/holds data for later use) -> Condition_RMLWIPE_Available (checks a condition and branches) -> Append_to_array_variable_RMLWIPE (adds an item to a list in memory) -> Filter_array_RMLWIPE (filters a list of records) -> Send_an_email_(V2) (uses a connector to do something) -> Error_Handling (groups steps (often error handling)) -> Post_message_in_a_chat_or_channel (uses a connector to do something) -> FAILED_Send_an_email_(V2) (uses a connector to do something) -> Compose_Today's_Date_String_(yyyyMMdd) (builds/holds data for later use) -> AttachmentsArray (creates a variable) -> Scope (groups steps (often error handling)) -> Post_message_in_a_chat_or_channel_1 (uses a connector to do something) -> EmailCC (builds/holds data for later use) -> EmailTO (builds/holds data for later use),FRIDAYRMGLostAndStolenFilesToTBWtoUpdatetheX012-763A6367-FF63-F011-BEC2-7C1E52488D9D.json
Hydrite42GearsLicensesReport,"Runs automatically on a schedule. Connects to: Azure Key Vault (secrets/passwords); Microsoft Teams; SharePoint. This flow loops through a list of records, has error-handling logic, calls an external API/website.",Recurrence,Every 1 day(s) at 18:30 (UTC) [Starts: 2025-11-05T08:45:04Z],Azure Key Vault (secrets/passwords); Microsoft Teams; SharePoint,Site: https://zebra.sharepoint.com/sites/StrategicInnovationandAutomation || Site: https://zebra.sharepoint.com/sites/StrategicInnovationandAutomation | Item/Folder: @items('For_each')?['ID'],,,,@outputs('URI'),,Get_secret_APIKEY (uses a connector to do something) -> Get_secret_UID (uses a connector to do something) -> Get_secret_PSWD (uses a connector to do something) -> Scope (groups steps (often error handling)) -> HTTP (calls an external website or API) -> Compose (builds/holds data for later use) -> Parse_JSON (reads structured data from a previous step) -> Get_items (uses a connector to do something) -> For_each (repeats steps for each item in a list) -> Update_item (uses a connector to do something) -> URI (builds/holds data for later use) -> CatchError (groups steps (often error handling)) -> Post_message_in_a_chat_or_channel (uses a connector to do something) -> Filter_array (filters a list of records) -> Error_Message (builds/holds data for later use),Hydrite42GearsLicensesReport-48FF393C-30F8-F011-8406-7CED8D210053.json
HYDRITE42GGetDeviceLogs,"Runs when called by another app, flow, or system. Connects to: Office 365 Outlook (email); SharePoint. This flow loops through a list of records, calls an external API/website.",Request,,Office 365 Outlook (email); SharePoint,Site: https://zebra.sharepoint.com/sites/MS&SS | Item/Folder: /HYDRITE CHEMICAL/5. DEVICE LOGS || Site: https://zebra.sharepoint.com/sites/StrategicInnovationandAutomation,,,,https://zebramdm.42gears.com/api/devicelog/@{items('Apply_to_each')?['Device_ID']},,Initialize_variable (creates a variable) -> Get_items (uses a connector to do something) -> Apply_to_each (repeats steps for each item in a list) -> HTTP (calls an external website or API) -> Send_an_email_(V2) (uses a connector to do something) -> Create_file (uses a connector to do something),HYDRITE42GGetDeviceLogs-895B7939-8FCF-F011-BBD3-6045BDD64A0D.json
HYDRITE42GGetDeviceLogs,"Runs when called by another app, flow, or system. This flow calls another (child) flow.",Request,,,,,,,,,Run_a_Child_Flow (calls another (child) flow),HYDRITE42GGetDeviceLogs-B8CF5665-62C5-F011-BBD3-6045BDD64A0D.json
HydriteChemicalRefreshStockVisibilityandReporting,Runs automatically on a schedule. Connects to: Microsoft Teams; Power BI. This flow has error-handling logic.,Recurrence,Every 1 day(s) at 18:15 (UTC) [Starts: 2025-05-05T15:00:00Z],Microsoft Teams; Power BI,,,,,,,Error_Handling (groups steps (often error handling)) -> Post_message_in_a_chat_or_channel (uses a connector to do something) -> Filter_array (filters a list of records) -> Error_Message (builds/holds data for later use) -> Scope (groups steps (often error handling)) -> Refresh_a_dataset (uses a connector to do something),HydriteChemicalRefreshStockVisibilityandReporting-DF7DCD06-89F8-F011-8406-000D3A8F644D.json
HYDRITEDeleteGetDeviceLogsItem,"Runs when called by another app, flow, or system. Connects to: Office 365 Outlook (email); SharePoint. This flow loops through a list of records.",Request,,Office 365 Outlook (email); SharePoint,Site: https://zebra.sharepoint.com/sites/StrategicInnovationandAutomation || Site: https://zebra.sharepoint.com/sites/StrategicInnovationandAutomation | Item/Folder: @items('Apply_to_each')['ID'],,,,,,Initialize_variable (creates a variable) -> Get_items (uses a connector to do something) -> Apply_to_each (repeats steps for each item in a list) -> Delete_item (uses a connector to do something) -> Increment_variable (IncrementVariable) -> Send_an_email_(V2) (uses a connector to do something),HYDRITEDeleteGetDeviceLogsItem-535B7939-8FCF-F011-BBD3-6045BDD64A0D.json
MSSL2OpenCasesandTasksReminder,"Runs automatically on a schedule. Connects to: Office 365 Outlook (email); Power BI. This flow makes decisions based on conditions, builds a report (CSV/HTML table).",Recurrence,"Every 1 week(s) on Monday, Tuesday, Wednesday, Thursday, Friday at 15:30 (UTC) [Starts: 2025-11-05T08:44:09Z]",Office 365 Outlook (email); Power BI,,,,,,,Total_Open_Cases (uses a connector to do something) -> Initialize_variable (creates a variable) -> Condition (checks a condition and branches) -> Send_an_email_(V2) (uses a connector to do something) -> TO_PK (uses a connector to do something) -> Run_a_query_against_a_dataset (uses a connector to do something) -> Select (reshapes a list of records) -> Create_HTML_table (builds a CSV/HTML report) -> Compose (builds/holds data for later use) -> Open_Cases_Table (uses a connector to do something) -> Select_Case_Count_Table (reshapes a list of records) -> Create_HTML_table_Case_Count_Table (builds a CSV/HTML report) -> Compose_Case_Count (builds/holds data for later use) -> Open_Tasks_Table (uses a connector to do something) -> Tasks_Select (reshapes a list of records) -> Create_HTML_table_2 (builds a CSV/HTML report) -> Compose_2 (builds/holds data for later use) -> Total_Open_Tasks (uses a connector to do something) -> Initialize_variable_2 (creates a variable),MSSL2OpenCasesandTasksReminder-F5B63D3E-3BD1-F011-BBD3-6045BDD64A0D.json
NewRoyalMailOffline14and44ReportsforL1,"Runs automatically on a schedule. Connects to: Office 365 Outlook (email); Power BI. This flow makes decisions based on conditions, builds a report (CSV/HTML table).",Recurrence,"Every 1 week(s) on Tuesday, Thursday at 10:00 (W. Europe Standard Time)",Office 365 Outlook (email); Power BI,,,,,,,RMLCountMoreThan14DaysOffline (uses a connector to do something) -> LostStolenWipeCount (creates a variable) -> Condition (checks a condition and branches) -> RML_Offline_More_Than_14_Days (uses a connector to do something) -> RML_Offline_More_Than_44_Days (uses a connector to do something) -> PFW_Offline_More_Than_14_Days (uses a connector to do something) -> Select_RML_Offline_More_Than_14_Days (reshapes a list of records) -> Select_RML_Offline_More_Than_44_Days (reshapes a list of records) -> Select_PFW_Offline_More_Than_14_Days (reshapes a list of records) -> PFW_Offline_More_Than_44_Days (uses a connector to do something) -> Select_PFW_Offline_More_Than_44_Days (reshapes a list of records) -> Create_CSV_table (builds a CSV/HTML report) -> Create_CSV_table_2 (builds a CSV/HTML report) -> Create_CSV_table_3 (builds a CSV/HTML report) -> Create_CSV_table_4 (builds a CSV/HTML report) -> Offline_More_Than_14_and_44_Days (uses a connector to do something) -> Select (reshapes a list of records) -> Create_HTML_table (builds a CSV/HTML report) -> Compose (builds/holds data for later use) -> Condition_2 (checks a condition and branches) -> Send_an_email_(V2) (uses a connector to do something) -> Send_an_email_(V2)_2 (uses a connector to do something) -> RML_Offline_More_Than_14_Days-NDA (uses a connector to do something) -> Select_RML_Offline_More_Than_14_Days-NDA (reshapes a list of records) -> Create_CSV_table-NDA (builds a CSV/HTML report) -> RML_Offline_More_Than_44_Days-NDA (uses a connector to do something) -> Select_RML_Offline_More_Than_44_Days-NDA (reshapes a list of records) -> Create_CSV_table_-NDA (builds a CSV/HTML report) -> RMLCountMoreThan44DaysOffline (uses a connector to do something) -> Initialize_variable (creates a variable),NewRoyalMailOffline14and44ReportsforL1-72A4A818-13F9-EF11-BE20-6045BDD3BDDA.json
NKDWeeklyRepairReport,"Runs automatically on a schedule. Connects to: Microsoft Teams; Office 365 Outlook (email); Power BI; SharePoint. This flow makes decisions based on conditions, has error-handling logic, builds a report (CSV/HTML table).",Recurrence,Every 1 week(s) on Monday at 07:30 (UTC) [Starts: 2026-04-06T00:00Z],Microsoft Teams; Office 365 Outlook (email); Power BI; SharePoint,"Site: https://zebra.sharepoint.com/sites/DMSBAExternal | Item/Folder: /Shared Documents/NKD/WEEKLY REPAIR DATA/@{formatDateTime(utcNow(),'yyyy')}/@{formatDateTime(utcNow(),'MMMM')}",,,,,,varCSVContent (creates a variable) -> EmailTO (builds/holds data for later use) -> Scope (groups steps (often error handling)) -> Condition (checks a condition and branches) -> Create_CSV_table (builds a CSV/HTML report) -> Set_variable (updates a variable) -> Create_HTML_table (builds a CSV/HTML report) -> Compose (builds/holds data for later use) -> Terminate (stops the flow) -> Create_file (uses a connector to do something) -> Send_an_email_(V2) (uses a connector to do something) -> Select (reshapes a list of records) -> Run_a_query_against_a_dataset (uses a connector to do something) -> EmailCC (builds/holds data for later use) -> CatchError (groups steps (often error handling)) -> Post_message_in_a_chat_or_channel (uses a connector to do something) -> Filter_array (filters a list of records) -> Error_Message (builds/holds data for later use),NKDWeeklyRepairReport-549430D4-342C-F111-88B4-000D3A8F644D.json
Pilot42GGetDeviceLogs,"Runs when called by another app, flow, or system. This flow calls another (child) flow.",Request,,,,,,,,,Run_a_Child_Flow (calls another (child) flow),Pilot42GGetDeviceLogs-E3A1608A-6BC5-F011-BBD3-6045BDD64A0D.json
PILOTDeleteGetDeviceLogsItem,"Runs when called by another app, flow, or system. Connects to: Office 365 Outlook (email); SharePoint. This flow loops through a list of records.",Request,,Office 365 Outlook (email); SharePoint,Site: https://zebra.sharepoint.com/sites/StrategicInnovationandAutomation || Site: https://zebra.sharepoint.com/sites/StrategicInnovationandAutomation | Item/Folder: @items('Apply_to_each')['ID'],,,,,,Initialize_variable (creates a variable) -> Get_items (uses a connector to do something) -> Apply_to_each (repeats steps for each item in a list) -> Delete_item (uses a connector to do something) -> Increment_variable (IncrementVariable) -> Send_an_email_(V2) (uses a connector to do something),PILOTDeleteGetDeviceLogsItem-625B7939-8FCF-F011-BBD3-6045BDD64A0D.json
PilotTravel42GearsLicensesReport,"Runs automatically on a schedule. Connects to: Azure Key Vault (secrets/passwords); Microsoft Teams; SharePoint. This flow loops through a list of records, has error-handling logic, calls an external API/website.",Recurrence,Every 1 day(s) at 18:30 (UTC) [Starts: 2025-11-05T08:45:04Z],Azure Key Vault (secrets/passwords); Microsoft Teams; SharePoint,Site: https://zebra.sharepoint.com/sites/StrategicInnovationandAutomation || Site: https://zebra.sharepoint.com/sites/StrategicInnovationandAutomation | Item/Folder: @items('For_each')?['ID'],,,,https://zebramdm.42gears.com/api/account,,Get_secret_APIKEY (uses a connector to do something) -> Get_secret_UID (uses a connector to do something) -> Get_secret_PSWD (uses a connector to do something) -> Scope (groups steps (often error handling)) -> HTTP (calls an external website or API) -> Compose (builds/holds data for later use) -> Parse_JSON (reads structured data from a previous step) -> Get_items (uses a connector to do something) -> For_each (repeats steps for each item in a list) -> Update_item (uses a connector to do something) -> CatchError (groups steps (often error handling)) -> Post_message_in_a_chat_or_channel (uses a connector to do something) -> Filter_array (filters a list of records) -> Error_Message (builds/holds data for later use),PilotTravel42GearsLicensesReport-0E4EDC57-88F7-F011-8406-000D3A8F644D.json
PILOTTRAVEL42GGetDeviceLogs,"Runs when called by another app, flow, or system. Connects to: Office 365 Outlook (email); SharePoint. This flow loops through a list of records, calls an external API/website.",Request,,Office 365 Outlook (email); SharePoint,Site: https://zebra.sharepoint.com/sites/MS&SS | Item/Folder: /Pilot Company/5. DEVICE LOGS || Site: https://zebra.sharepoint.com/sites/StrategicInnovationandAutomation,,,,https://zebramdm.42gears.com/api/devicelog/@{items('Apply_to_each')?['Device_ID']},,Initialize_variable (creates a variable) -> Get_items (uses a connector to do something) -> Apply_to_each (repeats steps for each item in a list) -> HTTP (calls an external website or API) -> Send_an_email_(V2) (uses a connector to do something) -> Create_file (uses a connector to do something),PILOTTRAVEL42GGetDeviceLogs-183EB337-8FCF-F011-BBD3-7C1E5267A40E.json
PilotTravelOffline30DaysforSM,"Runs automatically on a schedule. Connects to: Microsoft Teams; Office 365 Outlook (email); Power BI. This flow makes decisions based on conditions, has error-handling logic, builds a report (CSV/HTML table).",Recurrence,Every 1 week(s) on Monday at 10:00 (W. Europe Standard Time),Microsoft Teams; Office 365 Outlook (email); Power BI,,,,,,,Scope (groups steps (often error handling)) -> Condition (checks a condition and branches) -> Pilot_Travel_Offline_More_Than_30_Days (uses a connector to do something) -> Select_PT_Offline_More_Than_30_Days (reshapes a list of records) -> Create_CSV_table (builds a CSV/HTML report) -> Condition_2 (checks a condition and branches) -> Send_an_email_(V2)-copy (uses a connector to do something) -> Send_an_email_(V2) (uses a connector to do something) -> Create_HTML_table (builds a CSV/HTML report) -> Compose (builds/holds data for later use) -> CatchError (groups steps (often error handling)) -> Post_message_in_a_chat_or_channel (uses a connector to do something) -> Filter_array (filters a list of records) -> Error_Message (builds/holds data for later use) -> PTCountMoreThan30DaysOffline (uses a connector to do something) -> Offlinemorethan30days (creates a variable),PilotTravelOffline30DaysforSM-68584249-903D-F011-B4CB-6045BDD3BDDA.json
PilotTravelRefreshStockVisibilityandReporting,Runs automatically on a schedule. Connects to: Microsoft Teams; Power BI. This flow has error-handling logic.,Recurrence,Every 1 day(s) at 13:15 (UTC) [Starts: 2025-05-05T15:00:00Z],Microsoft Teams; Power BI,,,,,,,Error_Handling (groups steps (often error handling)) -> Post_message_in_a_chat_or_channel (uses a connector to do something) -> Filter_array (filters a list of records) -> Error_Message (builds/holds data for later use) -> Scope (groups steps (often error handling)) -> Refresh_a_dataset (uses a connector to do something),PilotTravelRefreshStockVisibilityandReporting-DC451744-E7F6-F011-8406-7C1E5217A349.json
PilotTravelRepairedMACAddressestoCustomer,"Runs automatically on a schedule. Connects to: Microsoft Teams; Office 365 Outlook (email); Power BI. This flow makes decisions based on conditions, has error-handling logic, builds a report (CSV/HTML table).",Recurrence,"Every 1 week(s) on Monday, Tuesday, Wednesday, Thursday, Friday, Saturday, Sunday at 15:00 (W. Europe Standard Time)",Microsoft Teams; Office 365 Outlook (email); Power BI,,,,,,,Scope (groups steps (often error handling)) -> Condition (checks a condition and branches) -> RepairedLastDay (uses a connector to do something) -> Select_RepairedMAC (reshapes a list of records) -> Create_CSV_table (builds a CSV/HTML report) -> Condition_2 (checks a condition and branches) -> Send_an_email_(V2)-copy (uses a connector to do something) -> Send_an_email_(V2) (uses a connector to do something) -> Create_HTML_table (builds a CSV/HTML report) -> Compose (builds/holds data for later use) -> CatchError (groups steps (often error handling)) -> Post_message_in_a_chat_or_channel (uses a connector to do something) -> Filter_array (filters a list of records) -> Error_Message (builds/holds data for later use) -> RepairedPast2Days (uses a connector to do something) -> VariableRepairedPast2Days (creates a variable) -> TO (builds/holds data for later use) -> CC (builds/holds data for later use) -> EmailFooter-Internal (builds/holds data for later use) -> ComposeRepairedMACCount (builds/holds data for later use),PilotTravelRepairedMACAddressestoCustomer-6DA7AFB1-AD3C-F111-88B5-000D3A8F644D.json
RefreshadatasetCSI,"Runs when called by another app, flow, or system. Connects to: Power BI.",Request,,Power BI,,,,,,,Refresh_a_dataset (uses a connector to do something),RefreshadatasetCSI-61E6B822-B818-F111-8341-7CED8DD7139C.json
RefreshEVRIPBITC75,Runs automatically on a schedule. Connects to: Power BI.,Recurrence,Every 1 day(s) at 08:45 (Central Europe Standard Time) [Starts: 2025-05-05T15:00:00Z],Power BI,,,,,,,Refresh_a_dataset (uses a connector to do something),RefreshEVRIPBITC75-D82C98AE-C53A-F011-B4CC-7C1E528247C3.json
RefreshSMSmartSheetPBIfromForm,"Runs when called by another app, flow, or system. Connects to: Power BI.",Request,,Power BI,,,,,,,Refresh_a_dataset (uses a connector to do something) -> Delay (pauses the flow),RefreshSMSmartSheetPBIfromForm-50DE7966-FF63-F011-BEC2-0022482F23C8.json
RM42GGetDeviceLogsv2,"Runs when called by another app, flow, or system. Connects to: Office 365 Outlook (email). This flow calls another (child) flow.",Request,,Office 365 Outlook (email),,,,,,,Run_a_Child_Flow (calls another (child) flow) -> Send_an_email_(V2) (uses a connector to do something),RM42GGetDeviceLogsv2-0D579C1F-C29E-F011-B41C-0022482F23C8.json
RM42GGetDeviceLogsv2,"Runs when called by another app, flow, or system. Connects to: Office 365 Outlook (email); SharePoint. This flow loops through a list of records, calls an external API/website.",Request,,Office 365 Outlook (email); SharePoint,Site: https://zebra.sharepoint.com/sites/MS&SS | Item/Folder: /RMG/6. DEVICE LOGS || Site: https://zebra.sharepoint.com/sites/StrategicInnovationandAutomation,,,,https://zebrams001.eu.suremdm.io/api/devicelog/@{items('Apply_to_each')?['Device_ID']},,Initialize_variable (creates a variable) -> Get_items (uses a connector to do something) -> Apply_to_each (repeats steps for each item in a list) -> HTTP (calls an external website or API) -> Send_an_email_(V2) (uses a connector to do something) -> Create_file (uses a connector to do something),RM42GGetDeviceLogsv2-57BE93FA-0417-F111-8341-000D3A8F644D.json
RMG-UpdateX012DataForINCTracker,"Runs when called by another app, flow, or system. Connects to: Power BI.",Request,,Power BI,,,,,,,vStartRow (creates a variable) -> vBatchSize (creates a variable) -> vHasMore (creates a variable) -> Do_until (repeats steps until a condition is met) -> Compose_-_DAX_Query (builds/holds data for later use) -> Run_a_query_against_a_dataset (uses a connector to do something),RMG-UpdateX012DataForINCTracker-62B0B610-A35D-F111-A826-7CED8DD7139C.json
RMG42GEARSDAILYDEVICEINFOFORTREND,"Runs automatically on a schedule. Connects to: Microsoft Teams; Office 365 Outlook (email); Power BI; SharePoint. This flow has error-handling logic, builds a report (CSV/HTML table).",Recurrence,Every 1 day(s) at 04:45 (Central Europe Standard Time) [Starts: 2025-03-16T09:00:00Z],Microsoft Teams; Office 365 Outlook (email); Power BI; SharePoint,"Site: https://zebra.sharepoint.com/sites/DMSBAExternal | Item/Folder: /Shared Documents/RMG/42GEARS/DAILY MID NIGHT DEVICE INFO/@{formatDateTime(utcNow(), 'yyyy')}/@{formatDateTime(utcNow(), 'MMMM')}/",,,,,,Error_Handling (groups steps (often error handling)) -> Post_message_in_a_chat_or_channel (uses a connector to do something) -> Send_an_email_(V2) (uses a connector to do something) -> Master (groups steps (often error handling)) -> Scope (groups steps (often error handling)) -> Calculate_Loops (uses a connector to do something) -> Loops2run (builds/holds data for later use) -> Do_until (repeats steps until a condition is met) -> Run_a_query_against_a_dataset (uses a connector to do something) -> Create_CSV_table (builds a CSV/HTML report) -> IncrMinRows (IncrementVariable) -> IncrRows2 (IncrementVariable) -> IncrLoops (IncrementVariable) -> Append_to_string_variable (AppendToStringVariable) -> Select (reshapes a list of records) -> convert2csv (builds/holds data for later use) -> Create_file (uses a connector to do something) -> MinRows (creates a variable) -> IncrRows (creates a variable) -> appendCSV (creates a variable) -> LoopsVar (creates a variable),RMG42GEARSDAILYDEVICEINFOFORTREND-55507BEE-C371-F011-BEC2-0022482F23C8.json
RMG42GearsLicensesReport,"Runs automatically on a schedule. Connects to: Azure Key Vault (secrets/passwords); Microsoft Teams; SharePoint. This flow loops through a list of records, has error-handling logic, calls an external API/website.",Recurrence,Every 1 day(s) at 18:30 (UTC) [Starts: 2025-11-05T08:45:04Z],Azure Key Vault (secrets/passwords); Microsoft Teams; SharePoint,Site: https://zebra.sharepoint.com/sites/StrategicInnovationandAutomation || Site: https://zebra.sharepoint.com/sites/StrategicInnovationandAutomation | Item/Folder: @items('For_each')?['ID'],,,,@outputs('URI'),,Get_secret_APIKEY (uses a connector to do something) -> Get_secret_UID (uses a connector to do something) -> Get_secret_PSWD (uses a connector to do something) -> Scope (groups steps (often error handling)) -> HTTP (calls an external website or API) -> Compose (builds/holds data for later use) -> Parse_JSON (reads structured data from a previous step) -> Get_items (uses a connector to do something) -> For_each (repeats steps for each item in a list) -> Update_item (uses a connector to do something) -> URI (builds/holds data for later use) -> CatchError (groups steps (often error handling)) -> Post_message_in_a_chat_or_channel (uses a connector to do something) -> Filter_array (filters a list of records) -> Error_Message (builds/holds data for later use),RMG42GearsLicensesReport-2EF2C648-FFFC-F011-8406-000D3A1B678A.json
RMG42GearsLicensesReport,"Runs automatically on a schedule. Connects to: Azure Key Vault (secrets/passwords); Microsoft Teams; Office 365 Outlook (email); SharePoint. This flow has error-handling logic, calls an external API/website.",Recurrence,Every 1 day(s) at 06:30 (UTC) [Starts: 2025-11-05T08:45:04Z],Azure Key Vault (secrets/passwords); Microsoft Teams; Office 365 Outlook (email); SharePoint,Site: https://zebra.sharepoint.com/sites/StrategicInnovationandAutomation,,,,https://zebrams001.eu.suremdm.io/api/v2/account,,Get_secret_APIKEY (uses a connector to do something) -> Get_secret_UID (uses a connector to do something) -> Get_secret_PSWD (uses a connector to do something) -> Error_Handling (groups steps (often error handling)) -> FAILED_Send_an_email_(V2) (uses a connector to do something) -> Post_FAILED_message_in_a_chat_or_channel (uses a connector to do something) -> Scope (groups steps (often error handling)) -> HTTP (calls an external website or API) -> Compose_1 (builds/holds data for later use) -> Parse_JSON (reads structured data from a previous step) -> Create_item (uses a connector to do something),RMG42GearsLicensesReport-5BAF571C-A9D9-F011-8544-6045BDD64A0D.json
RMG42GGetJobsFolderIDs,"Runs when called by another app, flow, or system. Connects to: Excel Online; Office 365 Outlook (email); SharePoint. This flow loops through a list of records, makes decisions based on conditions, calls an external API/website.",Request,,Excel Online; Office 365 Outlook (email); SharePoint,Site: https://zebra.sharepoint.com/sites/StrategicInnovationandAutomation,,,,https://zebrams001.eu.suremdm.io/api/jobfolder/all,,HTTP (calls an external website or API) -> Parse_JSON (reads structured data from a previous step) -> Apply_to_each (repeats steps for each item in a list) -> Get_items_2 (uses a connector to do something) -> Condition (checks a condition and branches) -> Create_item_2 (uses a connector to do something) -> Create_item (uses a connector to do something) -> Send_an_email_(V2) (uses a connector to do something) -> Delay (pauses the flow) -> Get_items (uses a connector to do something) -> Apply_toeach (repeats steps for each item in a list) -> Add_a_row_into_a_table (uses a connector to do something) -> Send_an_email_(V2)_2 (uses a connector to do something),RMG42GGetJobsFolderIDs-193EB337-8FCF-F011-BBD3-7C1E5267A40E.json
RMG42GJobIDDelete,"Runs when called by another app, flow, or system. Connects to: SharePoint. This flow loops through a list of records.",Request,,SharePoint,Site: https://zebra.sharepoint.com/sites/StrategicInnovationandAutomation || Site: https://zebra.sharepoint.com/sites/StrategicInnovationandAutomation | Item/Folder: @items('Apply_to_each')?['ID'],,,,,,Initialize_variable (creates a variable) -> Get_items (uses a connector to do something) -> Apply_to_each (repeats steps for each item in a list) -> Delete_item (uses a connector to do something) -> Increment_variable (IncrementVariable),RMG42GJobIDDelete-173EB337-8FCF-F011-BBD3-7C1E5267A40E.json
RMGAppReleaseReport,"Runs automatically on a schedule. Connects to: Office 365 Outlook (email); Power BI; SharePoint. This flow has error-handling logic, builds a report (CSV/HTML table).",Recurrence,"Every 1 week(s) on Monday, Tuesday, Wednesday, Thursday, Friday, Saturday, Sunday at 10:00",Office 365 Outlook (email); Power BI; SharePoint,Site: https://zebra.sharepoint.com/sites/DMSBAExternal | Item/Folder: %252fShared%2bDocuments%252fRMG%252fCRM%252frmg_release_banner.png || Site: https://zebra.sharepoint.com/sites/DMSBAExternal | Item/Folder: /Shared Documents/RMG/CRM/RML/APK/BY_IMEI/,,,,,,varThreshold (creates a variable) -> varAudienceType (creates a variable) -> varCustomerTo (creates a variable) -> varInternalTo (creates a variable) -> varEmailTo (creates a variable) -> varSubject (creates a variable) -> varUpgradeRate (creates a variable) -> varReportDate (creates a variable) -> varLatestSourceModifiedDate (creates a variable) -> varBySiteFileName (creates a variable) -> varByIMEIFileName (creates a variable) -> varDashboardLink (creates a variable) -> Send_an_email_(V2) (uses a connector to do something) -> MinRows (creates a variable) -> incrRows (creates a variable) -> appendCSV (creates a variable) -> LoopsVar (creates a variable) -> Scope (groups steps (often error handling)) -> RMG_RML_APK_Daily_CR_HIT_Rate_By_Site (uses a connector to do something) -> Export_To_File_for_Power_BI_Reports (uses a connector to do something) -> Filter_array (filters a list of records) -> Select-Site (reshapes a list of records) -> Create_CSV_table-Site (builds a CSV/HTML report) -> Compose_dashboard (builds/holds data for later use) -> Compose_EmailTop (builds/holds data for later use) -> Calculate_Loops (uses a connector to do something) -> Loops2run (builds/holds data for later use) -> Do_until (repeats steps until a condition is met) -> Run_a_query_against_a_dataset (uses a connector to do something) -> Create_CSV_table (builds a CSV/HTML report) -> IncrMinRows (IncrementVariable) -> IncrRows2 (IncrementVariable) -> IncrLoops (IncrementVariable) -> Append_to_string_variable (AppendToStringVariable) -> Select (reshapes a list of records) -> convert2csv (builds/holds data for later use) -> Create_file (uses a connector to do something) -> Get_Banner_Image (uses a connector to do something) -> EmailTO (builds/holds data for later use),RMGAppReleaseReport-FA38D511-A35D-F111-A826-000D3A8F644D.json
RMGBillingWorkin-ProgressinX012DailyBackup,Runs automatically on a schedule. Connects to: Power BI; SharePoint. This flow builds a report (CSV/HTML table).,Recurrence,"Every 1 week(s) on Monday, Tuesday, Wednesday, Thursday, Friday, Saturday, Sunday at 04:10 (Central Europe Standard Time)",Power BI; SharePoint,Site: https://zebra.sharepoint.com/sites/DMSBAExternal | Item/Folder: /Shared Documents/RMG/WORK IN PROGRESS IN X012,,,,,,Run_a_query_against_a_dataset (uses a connector to do something) -> Create_file (uses a connector to do something) -> Select (reshapes a list of records) -> Create_CSV_table (builds a CSV/HTML report),RMGBillingWorkin-ProgressinX012DailyBackup-AB462DD2-8E61-F011-BEC2-0022482F23C8.json
RMGDelete42GFolderIDs,"Runs when called by another app, flow, or system. Connects to: SharePoint. This flow loops through a list of records.",Request,,SharePoint,Site: https://zebra.sharepoint.com/sites/StrategicInnovationandAutomation || Site: https://zebra.sharepoint.com/sites/StrategicInnovationandAutomation | Item/Folder: @items('Apply_to_each')?['ID'],,,,,,Initialize_variable (creates a variable) -> Get_items (uses a connector to do something) -> Apply_to_each (repeats steps for each item in a list) -> Delete_item (uses a connector to do something) -> Increment_variable (IncrementVariable),RMGDelete42GFolderIDs-505B7939-8FCF-F011-BBD3-6045BDD64A0D.json
RMGDeleteGetDeviceLogsItem,"Runs when called by another app, flow, or system. Connects to: Office 365 Outlook (email); SharePoint. This flow loops through a list of records.",Request,,Office 365 Outlook (email); SharePoint,Site: https://zebra.sharepoint.com/sites/StrategicInnovationandAutomation || Site: https://zebra.sharepoint.com/sites/StrategicInnovationandAutomation | Item/Folder: @items('Apply_to_each')['ID'],,,,,,Initialize_variable (creates a variable) -> Get_items (uses a connector to do something) -> Apply_to_each (repeats steps for each item in a list) -> Delete_item (uses a connector to do something) -> Increment_variable (IncrementVariable) -> Send_an_email_(V2) (uses a connector to do something),RMGDeleteGetDeviceLogsItem-875B7939-8FCF-F011-BBD3-6045BDD64A0D.json
RMGEXOReceivedConfirmationAutomation,"Runs when called by another app, flow, or system. Connects to: Excel Online; Microsoft Teams; shared_sendmail. This flow loops through a list of records, makes decisions based on conditions, has error-handling logic.",Request,,Excel Online; Microsoft Teams; shared_sendmail,,,,,,,Scope (groups steps (often error handling)) -> FormOutputFilePath_Input (builds/holds data for later use) -> List_rows_present_in_a_table (uses a connector to do something) -> FormOutputTableName (builds/holds data for later use) -> DestinationFilePath (builds/holds data for later use) -> DestinationTable (builds/holds data for later use) -> For_each (repeats steps for each item in a list) -> Condition (checks a condition and branches) -> Update_a_row (uses a connector to do something) -> OutputMatchedSites (builds/holds data for later use) -> MatchedSitesAppend_to_array_variable (adds an item to a list in memory) -> Append_to_array_variable (adds an item to a list in memory) -> List_rows_present_in_a_table_2 (uses a connector to do something) -> Condition_1 (checks a condition and branches) -> Send_an_email_notification_(V3) (uses a connector to do something) -> mismatchedSites (creates a variable) -> matchedSites (creates a variable) -> CatchError (groups steps (often error handling)) -> Post_message_in_a_chat_or_channel (uses a connector to do something) -> Filter_array (filters a list of records) -> Error_Message (builds/holds data for later use),RMGEXOReceivedConfirmationAutomation-60E6B822-B818-F111-8341-7CED8DD7139C.json
RMGEXOSKELETONREPLACEMENTPROJECT,Runs automatically on a schedule. Connects to: Power BI; SharePoint. This flow builds a report (CSV/HTML table).,Recurrence,Every 1 day(s) at 08:00 (UTC),Power BI; SharePoint,Site: https://zebra.sharepoint.com/sites/RMG-Operationscollaborationsite | Item/Folder: /Shared Documents/Projects &  WPR/2025/RMG Exoskeleton Replacement 001/OUTBOUND,,,,,,Create_file (uses a connector to do something) -> MinRows (creates a variable) -> IncrRows (creates a variable) -> appendCSV (creates a variable) -> LoopsVar (creates a variable) -> Calculate_Loops (uses a connector to do something) -> Loops2run (builds/holds data for later use) -> Do_until (repeats steps until a condition is met) -> Append_to_string_variable (AppendToStringVariable) -> IncrLoops (IncrementVariable) -> IncrRows2 (IncrementVariable) -> IncrMinRows (IncrementVariable) -> Create_CSV_table (builds a CSV/HTML report) -> Select (reshapes a list of records) -> Run_a_query_against_a_dataset (uses a connector to do something) -> convert2csv (builds/holds data for later use),RMGEXOSKELETONREPLACEMENTPROJECT-9839363E-3BD1-F011-BBD3-7C1E5267A40E.json
RMGGetDetailsofallDeviceGroups,"Runs when called by another app, flow, or system. Connects to: Azure Key Vault (secrets/passwords); SharePoint. This flow loops through a list of records, calls an external API/website.",Request,,Azure Key Vault (secrets/passwords); SharePoint,Site: https://zebra.sharepoint.com/sites/StrategicInnovationandAutomation || Site: https://zebra.sharepoint.com/sites/StrategicInnovationandAutomation | Item/Folder: @items('Apply_to_each')?['ID'],,,,https://zebrams001.eu.suremdm.io/api/group/1/getAll,,Get_Details_of_All_Groups (calls an external website or API) -> Parse_JSON (reads structured data from a previous step) -> Get_items (uses a connector to do something) -> Apply_to_each (repeats steps for each item in a list) -> Delete_item (uses a connector to do something) -> Apply_to_each_2 (repeats steps for each item in a list) -> Create_item (uses a connector to do something) -> Initialize_variable (creates a variable) -> Delay (pauses the flow) -> UID (uses a connector to do something) -> PSWD (uses a connector to do something),RMGGetDetailsofallDeviceGroups-89F7AB1F-57B9-F011-BBD3-7C1E5267A40E.json
RMGINCEscalatedtoDMSL2,"Trigger type: OpenApiConnection. Connects to: Microsoft Teams; SharePoint. This flow makes decisions based on conditions, has error-handling logic.",OpenApiConnection,,Microsoft Teams; SharePoint,,,,,,,Scope (groups steps (often error handling)) -> Condition (checks a condition and branches) -> Post_message_in_a_chat_or_channel_1 (uses a connector to do something) -> Error_Handling (groups steps (often error handling)) -> Filter_array (filters a list of records) -> COMPOSE-ERROR_MESSAGE (builds/holds data for later use) -> Post_message_in_a_chat_or_channel_2 (uses a connector to do something),RMGINCEscalatedtoDMSL2-FB38D511-A35D-F111-A826-000D3A8F644D.json
RMGItemReceivedConfirmation,"Trigger type: OpenApiConnectionWebhook. Connects to: Office 365 Outlook (email); SharePoint; shared_microsoftforms. This flow loops through a list of records, makes decisions based on conditions.",OpenApiConnectionWebhook,,Office 365 Outlook (email); SharePoint; shared_microsoftforms,Site: https://zebra.sharepoint.com/sites/StrategicInnovationandAutomation,,,,,,Get_response_details (uses a connector to do something) -> Get_items (uses a connector to do something) -> Filter_array (filters a list of records) -> Condition (checks a condition and branches) -> For_each (repeats steps for each item in a list) -> Create_items (uses a connector to do something) -> For_each_1 (repeats steps for each item in a list) -> Send_an_email_(V2)_1 (uses a connector to do something) -> ComposeEmail (builds/holds data for later use) -> Combined_Site (builds/holds data for later use) -> Create_item (uses a connector to do something),RMGItemReceivedConfirmation-5C8A0CFC-6D1C-F111-8341-000D3A8F644D.json
RMGItemsReceivedConfirmation,"Trigger type: OpenApiConnectionWebhook. Connects to: Excel Online; Microsoft Teams; Office 365 Outlook (email); SharePoint; shared_microsoftforms. This flow loops through a list of records, makes decisions based on conditions, has error-handling logic.",OpenApiConnectionWebhook,,Excel Online; Microsoft Teams; Office 365 Outlook (email); SharePoint; shared_microsoftforms,Site: https://zebra.sharepoint.com/sites/StrategicInnovationandAutomation,,,,,,Scope (groups steps (often error handling)) -> Get_response_details (uses a connector to do something) -> Combined_Site (builds/holds data for later use) -> Create_item (uses a connector to do something) -> ComposeEmail (builds/holds data for later use) -> ScopeUpdateTracker (groups steps (often error handling)) -> ConditionHaveYouDispose (checks a condition and branches) -> List_rows_present_in_a_table (uses a connector to do something) -> Condition (checks a condition and branches) -> For_each (repeats steps for each item in a list) -> Update_a_row (uses a connector to do something) -> OutputMatchedSite (builds/holds data for later use) -> MatchedSitesAppend_to_array_variable (adds an item to a list in memory) -> Append_to_array_variable (adds an item to a list in memory) -> Add_a_row_into_a_table (uses a connector to do something) -> Condition_2 (checks a condition and branches) -> Send_an_email_(V2)_1 (uses a connector to do something) -> Compose (builds/holds data for later use) -> ComposeMailCC (builds/holds data for later use) -> Send_an_email_(V2) (uses a connector to do something) -> Compose_Clean_Site (builds/holds data for later use) -> CatchError (groups steps (often error handling)) -> Post_message_in_a_chat_or_channel (uses a connector to do something) -> Filter_array (filters a list of records) -> Error_Message (builds/holds data for later use) -> mismatchedSites (creates a variable) -> matchedSites (creates a variable),RMGItemsReceivedConfirmation-62E6B822-B818-F111-8341-7CED8DD7139C.json
RMGMasterSiteDataSync,"Runs when called by another app, flow, or system. Connects to: SharePoint. This flow loops through a list of records.",Request,,SharePoint,Site: https://zebra.sharepoint.com/sites/StrategicInnovationandAutomation,,,,,,Get_items (uses a connector to do something) -> Apply_to_each (repeats steps for each item in a list) -> Create_item (uses a connector to do something),RMGMasterSiteDataSync-209D4960-9335-F111-88B4-7CED8DD7139C.json
RMGMonthlyDeviceDisruptionsReports,"Runs when called by another app, flow, or system. Connects to: Office 365 Outlook (email); Power BI.",Request,,Office 365 Outlook (email); Power BI,,,,,,,Export_To_File_for_Power_BI_Reports (uses a connector to do something) -> Send_an_email_(V2) (uses a connector to do something),RMGMonthlyDeviceDisruptionsReports-DEB8AB25-57B9-F011-BBD3-7C1E5267A40E.json
RMGOutboundPDAAutoRelocationstoRMAFolder,"Runs automatically on a schedule. Connects to: Azure Key Vault (secrets/passwords); Microsoft Teams; Office 365 Outlook (email); Power BI. This flow loops through a list of records, makes decisions based on conditions, has error-handling logic, calls an external API/website, builds a report (CSV/HTML table).",Recurrence,Every 1 day(s) at 18:30 (UTC),Azure Key Vault (secrets/passwords); Microsoft Teams; Office 365 Outlook (email); Power BI,,,,,https://zebrams001.eu.suremdm.io/api/deviceassignment,,Create_CSV_table (builds a CSV/HTML report) -> arrSuccessLog (creates a variable) -> arrFailureLog (creates a variable) -> Get_secret_APIKEY (uses a connector to do something) -> Get_secret_UID (uses a connector to do something) -> Get_secret_PSWD (uses a connector to do something) -> Run_a_query_against_a_dataset_RMAGroupID (uses a connector to do something) -> ComposeGroupID (builds/holds data for later use) -> Run_a_query_against_a_dataset_RMADevices (uses a connector to do something) -> Select_RMADevices (reshapes a list of records) -> varSuccessLog (creates a variable) -> varFailureLog (creates a variable) -> Error_Handling (groups steps (often error handling)) -> FAILED_Send_an_email_(V2) (uses a connector to do something) -> Post_FAILED_message_in_a_chat_or_channel (uses a connector to do something) -> SUCCESS_Handling (groups steps (often error handling)) -> SUCCESS_Send_an_email_(V2) (uses a connector to do something) -> Post_PASSED_message_in_a_chat_or_channel (uses a connector to do something) -> Scope (groups steps (often error handling)) -> Apply_to_each (repeats steps for each item in a list) -> Condition (checks a condition and branches) -> Append_to_string_variable_PASSED (AppendToStringVariable) -> Append_to_array_variable_PASSED (adds an item to a list in memory) -> Append_to_string_variable_FAILED (AppendToStringVariable) -> Append_to_array_variable_FAILED (adds an item to a list in memory) -> HTTP (calls an external website or API) -> Compose (builds/holds data for later use) -> Compose_1 (builds/holds data for later use) -> Create_HTML_table_PASSED (builds a CSV/HTML report) -> Compose_PASSED_HTML_Table (builds/holds data for later use) -> Create_HTML_table_FAILED (builds a CSV/HTML report) -> Compose_FAILED_HTML_Table (builds/holds data for later use),RMGOutboundPDAAutoRelocationstoRMAFolder-F58C9D3C-C3B0-F011-BBD3-0022482F23C8.json
RMGPDAAudit,"Runs automatically on a schedule. Connects to: Microsoft Teams; Office 365 Outlook (email); Power BI; SharePoint. This flow has error-handling logic, builds a report (CSV/HTML table).",Recurrence,Every 1 month(s) (UTC) [Starts: 2026-03-01T08:00:00Z],Microsoft Teams; Office 365 Outlook (email); Power BI; SharePoint,"Site: https://zebra.sharepoint.com/sites/DMSBAExternal | Item/Folder: /Shared Documents/RMG/PDA AUDIT/@{formatDateTime(utcNow(), 'yyyy')}/@{formatDateTime(utcNow(), 'MMMM')}/",,,,,,MinRows (creates a variable) -> IncrRows (creates a variable) -> appendCSV (creates a variable) -> LoopsVar (creates a variable) -> Scope (groups steps (often error handling)) -> Calculate_Loops (uses a connector to do something) -> Loops2run (builds/holds data for later use) -> Do_until (repeats steps until a condition is met) -> Run_a_query_against_a_dataset (uses a connector to do something) -> Create_CSV_table (builds a CSV/HTML report) -> IncrMinRows (IncrementVariable) -> IncrRows2 (IncrementVariable) -> IncrLoops (IncrementVariable) -> Append_to_string_variable (AppendToStringVariable) -> Select (reshapes a list of records) -> convert2csv (builds/holds data for later use) -> Create_file (uses a connector to do something) -> Run_a_query_against_a_datasetMetrics (uses a connector to do something) -> SelectMetrics (reshapes a list of records) -> Create_HTML_table (builds a CSV/HTML report) -> Send_an_email_(V2) (uses a connector to do something) -> ComposeMetrics (builds/holds data for later use) -> CatchError (groups steps (often error handling)) -> Post_message_in_a_chat_or_channel_2 (uses a connector to do something) -> Filter_array (filters a list of records) -> Error_Message (builds/holds data for later use),RMGPDAAudit-253F0F10-E612-F111-8406-000D3A8F644D.json
RMGPDADeviceSetAssetsNetbookValue,"Runs when called by another app, flow, or system. Connects to: Power BI.",Request,,Power BI,,,,,,,Run_a_query_against_a_dataset (uses a connector to do something),RMGPDADeviceSetAssetsNetbookValue-3CA36E07-236D-F011-BEC2-0022482F23C8.json
RMGPEAKDeviceAutoRelocationsasperX012,"Runs automatically on a schedule. Connects to: Azure Key Vault (secrets/passwords); Microsoft Teams; Office 365 Outlook (email); Power BI; SharePoint. This flow loops through a list of records, makes decisions based on conditions, has error-handling logic, calls an external API/website, builds a report (CSV/HTML table).",Recurrence,Every 1 day(s) at 08:00 (UTC),Azure Key Vault (secrets/passwords); Microsoft Teams; Office 365 Outlook (email); Power BI; SharePoint,Site: https://zebra.sharepoint.com/sites/StrategicInnovationandAutomation | Item/Folder: /Shared Documents/DOCUMENTS/1. ACCOUNTS/ROYAL MAIL GROUP/3. PROJECT/PEAK PROJECT/PEAK PDA RELOCATED,,,,https://zebrams001.eu.suremdm.io/api/deviceassignment,,Run_a_query_against_a_dataset (uses a connector to do something) -> Select (reshapes a list of records) -> Create_CSV_table (builds a CSV/HTML report) -> DeviceCount (uses a connector to do something) -> ComposeDeviceCount (builds/holds data for later use) -> arrSuccessLog (creates a variable) -> arrFailureLog (creates a variable) -> Condition_IF_any_device (checks a condition and branches) -> Create_file (uses a connector to do something) -> Scope (groups steps (often error handling)) -> Apply_to_each (repeats steps for each item in a list) -> Condition (checks a condition and branches) -> Append_to_string_variable_PASSED (AppendToStringVariable) -> Append_to_array_variable_PASSED (adds an item to a list in memory) -> Append_to_string_variable_FAILED (AppendToStringVariable) -> Append_to_array_variable_FAILED (adds an item to a list in memory) -> HTTP (calls an external website or API) -> Compose (builds/holds data for later use) -> Create_HTML_table_PASSED (builds a CSV/HTML report) -> Create_HTML_table_FAILED (builds a CSV/HTML report) -> SUCCESS_Handling (groups steps (often error handling)) -> SUCCESS_Send_an_email_(V2) (uses a connector to do something) -> Post_PASSED_message_in_a_chat_or_channel (uses a connector to do something) -> Error_Handling (groups steps (often error handling)) -> FAILED_Send_an_email_(V2) (uses a connector to do something) -> Post_FAILED_message_in_a_chat_or_channel (uses a connector to do something) -> Compose_PASSED_HTML_Table (builds/holds data for later use) -> Compose_FAILED_HTML_Table (builds/holds data for later use) -> No_PEAK_Device_Found (uses a connector to do something) -> Terminate (stops the flow) -> Get_secret_APIKEY (uses a connector to do something) -> Get_secret_UID (uses a connector to do something) -> Get_secret_PSWD (uses a connector to do something) -> varSuccessLog (creates a variable) -> varFailureLog (creates a variable),RMGPEAKDeviceAutoRelocationsasperX012-5857983E-A1AA-F011-BBD3-7C1E52488D9D.json
RMGPFWMoveOfflineGT14DevicestoLOSTFolder,"Runs automatically on a schedule. Connects to: Azure Key Vault (secrets/passwords); Microsoft Teams; Office 365 Outlook (email); Power BI; SharePoint. This flow loops through a list of records, makes decisions based on conditions, has error-handling logic, calls an external API/website, builds a report (CSV/HTML table).",Recurrence,Every 1 week(s) on Friday at 14:15 (Central Europe Standard Time),Azure Key Vault (secrets/passwords); Microsoft Teams; Office 365 Outlook (email); Power BI; SharePoint,Site: https://zebra.sharepoint.com/sites/DMSBAExternal | Item/Folder: /Shared Documents/RMG/LOST AND STOLEN/LOST/PFWD/MOVED || Site: https://zebra.sharepoint.com/sites/DMSBAExternal | Item/Folder: @outputs('Compose_Wednesday_FilePath'),,,,https://zebrams001.eu.suremdm.io/api/deviceassignment,,Get_file_content_using_path (uses a connector to do something) -> Compose_Wednesday_FilePath (builds/holds data for later use) -> Decode_CSV_File_Content (builds/holds data for later use) -> Split_CSV_to_Lines (builds/holds data for later use) -> Run_a_query_against_a_dataset (uses a connector to do something) -> SelectFridayDeviceIDs (reshapes a list of records) -> SelectWednesdayDeviceIDs (reshapes a list of records) -> Filter_array (filters a list of records) -> ComposeWednesdayDeviceIDs (builds/holds data for later use) -> ComposeFridayDeviceID (builds/holds data for later use) -> Apply_to_each (repeats steps for each item in a list) -> Condition (checks a condition and branches) -> Append_to_array_variable (adds an item to a list in memory) -> MatchDeviceID (creates a variable) -> Compose_DeviceIDsToMove (builds/holds data for later use) -> Get_secret_UID (uses a connector to do something) -> Get_secret_PSWD (uses a connector to do something) -> Get_secret_APIKEY (uses a connector to do something) -> Select_for_SharePoint (reshapes a list of records) -> Filter_array_for_moving_devices (filters a list of records) -> SelectForMovingDevices (reshapes a list of records) -> Run_a_query_against_a_dataset_get_LOST_id (uses a connector to do something) -> Compose_LOST_ID (builds/holds data for later use) -> SuccessList (creates a variable) -> FailureList (creates a variable) -> Send_an_email_(V2) (uses a connector to do something) -> Create_CSV_table_for_moving_devices (builds a CSV/HTML report) -> Error_Handling (groups steps (often error handling)) -> Post_message_in_a_chat_or_channel (uses a connector to do something) -> FAILED_Send_an_email_(V2) (uses a connector to do something) -> API_Execution (groups steps (often error handling)) -> Apply_to_each_to_move_device (repeats steps for each item in a list) -> HTTP (calls an external website or API) -> SuccessCondition (checks a condition and branches) -> SuccessListArray (adds an item to a list in memory) -> FailureListArray (adds an item to a list in memory) -> ComposeSucess (builds/holds data for later use) -> ComposeFailure (builds/holds data for later use) -> Create_file (uses a connector to do something) -> SUCCESS_Handling (groups steps (often error handling)) -> Post_message_in_a_chat_or_channel_1 (uses a connector to do something) -> FAILED_Send_an_email_(V2)_1 (uses a connector to do something),RMGPFWMoveOfflineGT14DevicestoLOSTFolder-EE002CEC-3654-F011-877A-7C1E528247C3.json
RMGPFWMoveOfflineGT44DevicestoWIPEFolder,"Runs automatically on a schedule. Connects to: Azure Key Vault (secrets/passwords); Microsoft Teams; Office 365 Outlook (email); Power BI; SharePoint. This flow loops through a list of records, makes decisions based on conditions, has error-handling logic, calls an external API/website, builds a report (CSV/HTML table).",Recurrence,Every 1 week(s) on Friday at 14:10 (Central Europe Standard Time),Azure Key Vault (secrets/passwords); Microsoft Teams; Office 365 Outlook (email); Power BI; SharePoint,Site: https://zebra.sharepoint.com/sites/DMSBAExternal | Item/Folder: /Shared Documents/RMG/LOST AND STOLEN/WIPE/PFWD/MOVED || Site: https://zebra.sharepoint.com/sites/DMSBAExternal | Item/Folder: @outputs('Compose_Wednesday_FilePath'),,,,https://zebrams001.eu.suremdm.io/api/deviceassignment,,Get_file_content_using_path (uses a connector to do something) -> Compose_Wednesday_FilePath (builds/holds data for later use) -> Decode_CSV_File_Content (builds/holds data for later use) -> Split_CSV_to_Lines (builds/holds data for later use) -> Run_a_query_against_a_dataset (uses a connector to do something) -> SelectFridayDeviceIDs (reshapes a list of records) -> SelectWednesdayDeviceIDs (reshapes a list of records) -> Filter_array (filters a list of records) -> ComposeWednesdayDeviceIDs (builds/holds data for later use) -> ComposeFridayDeviceID (builds/holds data for later use) -> Apply_to_each (repeats steps for each item in a list) -> Condition (checks a condition and branches) -> Append_to_array_variable (adds an item to a list in memory) -> MatchDeviceID (creates a variable) -> Compose_DeviceIDsToMove (builds/holds data for later use) -> Get_secret_UID (uses a connector to do something) -> Get_secret_PSWD (uses a connector to do something) -> Get_secret_APIKEY (uses a connector to do something) -> Filter_array_for_moving_devices (filters a list of records) -> SelectForMovingDevices (reshapes a list of records) -> Run_a_query_against_a_dataset_get_WIPE_id (uses a connector to do something) -> Compose_WIPE_ID (builds/holds data for later use) -> SuccessList (creates a variable) -> FailureList (creates a variable) -> Send_an_email_(V2) (uses a connector to do something) -> Create_CSV_table_for_moving_devices (builds a CSV/HTML report) -> Select_for_SharePoint (reshapes a list of records) -> API_Execution (groups steps (often error handling)) -> Apply_to_each_to_move_device (repeats steps for each item in a list) -> HTTP (calls an external website or API) -> SuccessCondition (checks a condition and branches) -> SuccessListArray (adds an item to a list in memory) -> FailureListArray (adds an item to a list in memory) -> ComposeSucess (builds/holds data for later use) -> ComposeFailure (builds/holds data for later use) -> Create_file (uses a connector to do something) -> Error_Handling (groups steps (often error handling)) -> Post_message_in_a_chat_or_channel (uses a connector to do something) -> FAILED_Send_an_email_(V2) (uses a connector to do something) -> SUCCESS_Handling (groups steps (often error handling)) -> Post_message_in_a_chat_or_channel_1 (uses a connector to do something) -> SUCCESS_Send_an_email_(V2) (uses a connector to do something),RMGPFWMoveOfflineGT44DevicestoWIPEFolder-4D62EA7D-F954-F011-877A-0022482F23C8.json
RMGPFWOfflineMoreThan44DaysaspertheRedlandsData,"Runs automatically on a schedule. Connects to: Office 365 Outlook (email); Power BI. This flow makes decisions based on conditions, builds a report (CSV/HTML table).",Recurrence,Every 1 week(s) on Wednesday at 11:30 (Central Europe Standard Time) [Starts: 2025-05-28T08:30:00Z],Office 365 Outlook (email); Power BI,,,,,,,RMG_PFW_Offline_MoreThan_44_Days (uses a connector to do something) -> Condition (checks a condition and branches) -> Run_a_query_against_a_dataset (uses a connector to do something) -> Select (reshapes a list of records) -> Create_HTML_table (builds a CSV/HTML report) -> Compose_Email (builds/holds data for later use) -> Send_an_email_(V2) (uses a connector to do something) -> Create_CSV_table (builds a CSV/HTML report) -> Compose (builds/holds data for later use) -> FAILED_Send_an_email_(V2) (uses a connector to do something),RMGPFWOfflineMoreThan44DaysaspertheRedlandsData-0DF63498-4736-F011-8C4E-7C1E528247C3.json
RMGProjectPEAKTaggingSNtoPEAK,"Runs automatically on a schedule. Connects to: Azure Key Vault (secrets/passwords); Microsoft Teams; Office 365 Outlook (email); Power BI; SharePoint. This flow loops through a list of records, makes decisions based on conditions, has error-handling logic, calls an external API/website, builds a report (CSV/HTML table).",Recurrence,Every 1 hour(s) (UTC),Azure Key Vault (secrets/passwords); Microsoft Teams; Office 365 Outlook (email); Power BI; SharePoint,Site: https://zebra.sharepoint.com/sites/StrategicInnovationandAutomation | Item/Folder: /Shared Documents/DOCUMENTS/1. ACCOUNTS/ROYAL MAIL GROUP/3. PROJECT/PEAK PROJECT/PEAK 2025,,,,https://zebrams001.eu.suremdm.io/api/dynamicjob,,Run_a_query_against_a_dataset_PEAK_All_Devices (uses a connector to do something) -> Select_PEAK_Devices (reshapes a list of records) -> Error_Handling (groups steps (often error handling)) -> Post_message_in_a_chat_or_channel (uses a connector to do something) -> FAILED_Send_an_email_(V2) (uses a connector to do something) -> Get_secret (uses a connector to do something) -> UID (uses a connector to do something) -> Password (uses a connector to do something) -> Success_Handling (groups steps (often error handling)) -> Post_message_in_a_chat_or_channel_1 (uses a connector to do something) -> FAILED_Send_an_email_(V2)_1 (uses a connector to do something) -> Condition (checks a condition and branches) -> Create_CSV_table (builds a CSV/HTML report) -> Create_file (uses a connector to do something) -> Delay (pauses the flow) -> Scope (groups steps (often error handling)) -> Apply_to_each (repeats steps for each item in a list) -> DeviceID (builds/holds data for later use) -> HTTP (calls an external website or API) -> DeviceName (builds/holds data for later use) -> SerialNumber (builds/holds data for later use) -> Send_an_email_(V2) (uses a connector to do something) -> Terminate (stops the flow),RMGProjectPEAKTaggingSNtoPEAK-6B632B39-A594-F011-B4CB-0022482F23C8.json
RMGRedLandsPFWDeviceReport,"Trigger type: OpenApiConnection. Connects to: Office 365 Outlook (email); SharePoint. This flow loops through a list of records, makes decisions based on conditions.",OpenApiConnection,,Office 365 Outlook (email); SharePoint,Site: https://zebra.sharepoint.com/sites/DMSBAExternal || Site: https://zebra.sharepoint.com/sites/DMSBAExternal | Item/Folder: /Shared Documents/RMG/REDLANDS,,,,,,For_each (repeats steps for each item in a list) -> Condition (checks a condition and branches) -> Create_file (uses a connector to do something) -> Move_file (uses a connector to do something) -> Compose (builds/holds data for later use),RMGRedLandsPFWDeviceReport-B9F7AB1F-57B9-F011-BBD3-7C1E5267A40E.json
RMGRedLandsRMLDeviceReport,"Trigger type: OpenApiConnection. Connects to: Office 365 Outlook (email); OneDrive; SharePoint. This flow loops through a list of records, makes decisions based on conditions.",OpenApiConnection,,Office 365 Outlook (email); OneDrive; SharePoint,Site: https://zebra.sharepoint.com/sites/DMSBAExternal || Site: https://zebra.sharepoint.com/sites/DMSBAExternal | Item/Folder: /Shared Documents/RMG/REDLANDS,,,,,,For_each (repeats steps for each item in a list) -> Condition (checks a condition and branches) -> Create_ZIP_file (uses a connector to do something) -> Extract_archive_to_folder (uses a connector to do something) -> For_each_GetFileContent (repeats steps for each item in a list) -> Get_file_content (uses a connector to do something) -> Create_file (uses a connector to do something) -> Move_file (uses a connector to do something) -> SourcePath (builds/holds data for later use) -> Compose (builds/holds data for later use),RMGRedLandsRMLDeviceReport-2C25B121-57B9-F011-BBD3-6045BDD64A0D.json
RMGRefreshStockVisibilityandReporting,Runs automatically on a schedule. Connects to: Microsoft Teams; Power BI. This flow has error-handling logic.,Recurrence,Every 1 day(s) at 13:15 (UTC) [Starts: 2025-05-05T15:00:00Z],Microsoft Teams; Power BI,,,,,,,Error_Handling (groups steps (often error handling)) -> Post_message_in_a_chat_or_channel (uses a connector to do something) -> Filter_array (filters a list of records) -> Error_Message (builds/holds data for later use) -> Scope (groups steps (often error handling)) -> Refresh_a_dataset (uses a connector to do something),RMGRefreshStockVisibilityandReporting-EC01E61B-162B-F011-8C4D-6045BDD3BDDA.json
RMGRELAYDeviceAutoRelocationsasperX012,"Runs automatically on a schedule. Connects to: Azure Key Vault (secrets/passwords); Microsoft Teams; Office 365 Outlook (email); Power BI; SharePoint. This flow loops through a list of records, makes decisions based on conditions, has error-handling logic, calls an external API/website, builds a report (CSV/HTML table).",Recurrence,Every 1 day(s) at 08:00 (UTC),Azure Key Vault (secrets/passwords); Microsoft Teams; Office 365 Outlook (email); Power BI; SharePoint,Site: https://zebra.sharepoint.com/sites/StrategicInnovationandAutomation | Item/Folder: /Shared Documents/DOCUMENTS/1. ACCOUNTS/ROYAL MAIL GROUP/3. PROJECT/RELAY PROJECT/RELAY PDA RELOCATED,,,,https://zebrams001.eu.suremdm.io/api/deviceassignment,,Run_a_query_against_a_dataset (uses a connector to do something) -> Select (reshapes a list of records) -> Create_CSV_table (builds a CSV/HTML report) -> DeviceCount (uses a connector to do something) -> ComposeDeviceCount (builds/holds data for later use) -> arrSuccessLog (creates a variable) -> arrFailureLog (creates a variable) -> Condition_IF_any_device (checks a condition and branches) -> Create_file (uses a connector to do something) -> Scope (groups steps (often error handling)) -> Apply_to_each (repeats steps for each item in a list) -> Condition (checks a condition and branches) -> Append_to_string_variable_PASSED (AppendToStringVariable) -> Append_to_array_variable_PASSED (adds an item to a list in memory) -> Append_to_string_variable_FAILED (AppendToStringVariable) -> Append_to_array_variable_FAILED (adds an item to a list in memory) -> HTTP (calls an external website or API) -> Compose (builds/holds data for later use) -> Create_HTML_table_PASSED (builds a CSV/HTML report) -> Create_HTML_table_FAILED (builds a CSV/HTML report) -> SUCCESS_Handling (groups steps (often error handling)) -> SUCCESS_Send_an_email_(V2) (uses a connector to do something) -> Post_PASSED_message_in_a_chat_or_channel (uses a connector to do something) -> Error_Handling (groups steps (often error handling)) -> FAILED_Send_an_email_(V2) (uses a connector to do something) -> Post_FAILED_message_in_a_chat_or_channel (uses a connector to do something) -> Compose_PASSED_HTML_Table (builds/holds data for later use) -> Compose_FAILED_HTML_Table (builds/holds data for later use) -> No_Relay_Device_Found (uses a connector to do something) -> Terminate (stops the flow) -> Get_secret_APIKEY (uses a connector to do something) -> Get_secret_UID (uses a connector to do something) -> Get_secret_PSWD (uses a connector to do something) -> varSuccessLog (creates a variable) -> varFailureLog (creates a variable),RMGRELAYDeviceAutoRelocationsasperX012-193E0026-EE4D-F111-BEC6-7CED8DD7139C.json
RMGRenameDAISYtoSNAPIManual,"Runs when called by another app, flow, or system. Connects to: Excel Online; Office 365 Outlook (email). This flow loops through a list of records, calls an external API/website.",Request,,Excel Online; Office 365 Outlook (email),,,,,https://zebrams001.eu.suremdm.io/api/dynamicjob,,Send_an_email_(V2) (uses a connector to do something) -> Apply_to_each (repeats steps for each item in a list) -> SN (builds/holds data for later use) -> DevID (builds/holds data for later use) -> HTTP (calls an external website or API) -> List_rows_present_in_a_table (uses a connector to do something) -> Send_an_email_(V2)_2 (uses a connector to do something),RMGRenameDAISYtoSNAPIManual-DE34E74C-903D-F011-B4CC-7C1E528247C3.json
RMGRenameSNtoPEAKTagAPI,"Runs when called by another app, flow, or system. Connects to: Office 365 Outlook (email); Power BI; SharePoint. This flow loops through a list of records, calls an external API/website, builds a report (CSV/HTML table).",Request,,Office 365 Outlook (email); Power BI; SharePoint,Site: https://zebra.sharepoint.com/sites/MS&SS | Item/Folder: /RMG/5. PROJECT/PEAK 2023_24,,,,https://zebrams001.eu.suremdm.io/api/dynamicjob,,Send_an_email_(V2) (uses a connector to do something) -> Apply_to_each (repeats steps for each item in a list) -> DeviceID (builds/holds data for later use) -> HTTP (calls an external website or API) -> DeviceName (builds/holds data for later use) -> SerialNumber (builds/holds data for later use) -> Run_a_query_against_a_dataset_APK_All_Devices (uses a connector to do something) -> Select_PEAK_Devices (reshapes a list of records) -> Create_CSV_table (builds a CSV/HTML report) -> Create_file (uses a connector to do something) -> Delay (pauses the flow),RMGRenameSNtoPEAKTagAPI-24584EC8-1445-F011-8779-6045BDD3BDDA.json
RMGRMLAPKDailyCRHITRateBySite,"Runs automatically on a schedule. Connects to: Microsoft Teams; Power BI; SharePoint. This flow has error-handling logic, builds a report (CSV/HTML table).",Recurrence,"Every 1 week(s) on Monday, Tuesday, Wednesday, Thursday, Friday, Saturday, Sunday at 07:45 (UTC)",Microsoft Teams; Power BI; SharePoint,Site: https://zebra.sharepoint.com/sites/DMSBAExternal | Item/Folder: /Shared Documents/RMG/CRM/RML/APK/BY_SITE,,,,,,Scope (groups steps (often error handling)) -> RMG_RML_APK_Daily_CR_HIT_Rate_By_Site (uses a connector to do something) -> Filter_array (filters a list of records) -> Select (reshapes a list of records) -> Create_CSV_table (builds a CSV/HTML report) -> Create_file (uses a connector to do something) -> Error_Handling (groups steps (often error handling)) -> FilterArray (filters a list of records) -> COMPOSE-ERROR_MESSAGE (builds/holds data for later use) -> Post_message_in_a_chat_or_channel (uses a connector to do something),RMGRMLAPKDailyCRHITRateBySite-95B0B610-A35D-F111-A826-7CED8DD7139C.json
RMGRMLLOSTOfflineGT44DaysaspertheRedlandsData,"Runs automatically on a schedule. Connects to: Office 365 Outlook (email); Power BI; SharePoint. This flow makes decisions based on conditions, has error-handling logic, builds a report (CSV/HTML table).",Recurrence,Every 1 week(s) on Wednesday at 11:30 (W. Europe Standard Time) [Starts: 2025-05-28T08:30:00Z],Office 365 Outlook (email); Power BI; SharePoint,Site: https://zebra.sharepoint.com/sites/DMSBAExternal | Item/Folder: /Shared Documents/RMG/LOST AND STOLEN/WIPE/RML/INFORMED,,,,,,FAILED_Send_an_email_(V2) (uses a connector to do something) -> Master_Scope (groups steps (often error handling)) -> Scope_1 (groups steps (often error handling)) -> RMG_RML_LOST_Offline_MoreThan_44_Days_as_per_the_Redlands_Data (uses a connector to do something) -> Compose (builds/holds data for later use) -> Scope_2 (groups steps (often error handling)) -> Condition (checks a condition and branches) -> Run_a_query_against_a_dataset (uses a connector to do something) -> Select (reshapes a list of records) -> Create_HTML_table (builds a CSV/HTML report) -> Compose_Email (builds/holds data for later use) -> Send_an_email_(V2) (uses a connector to do something) -> Create_CSV_table (builds a CSV/HTML report) -> Select_DeviceID (reshapes a list of records) -> Select_for_SharePoint (reshapes a list of records) -> Create_CSV_table_for_SharePoint (builds a CSV/HTML report) -> Create_file (uses a connector to do something) -> Delay (pauses the flow),RMGRMLLOSTOfflineGT44DaysaspertheRedlandsData-3071946B-313D-F011-B4CB-6045BDD3BDDA.json
RMGRMLMoveOfflineGT14DevicestoLOSTFolder,"Runs automatically on a schedule. Connects to: Azure Key Vault (secrets/passwords); Microsoft Teams; Office 365 Outlook (email); Power BI; SharePoint. This flow loops through a list of records, makes decisions based on conditions, has error-handling logic, calls an external API/website, builds a report (CSV/HTML table).",Recurrence,Every 1 week(s) on Friday at 13:15 (Central Europe Standard Time),Azure Key Vault (secrets/passwords); Microsoft Teams; Office 365 Outlook (email); Power BI; SharePoint,Site: https://zebra.sharepoint.com/sites/DMSBAExternal | Item/Folder: /Shared Documents/RMG/LOST AND STOLEN/LOST/RML/MOVED || Site: https://zebra.sharepoint.com/sites/DMSBAExternal | Item/Folder: @outputs('Compose_Wednesday_FilePath'),,,,https://zebrams001.eu.suremdm.io/api/deviceassignment,,Get_file_content_using_path (uses a connector to do something) -> Compose_Wednesday_FilePath (builds/holds data for later use) -> Decode_CSV_File_Content (builds/holds data for later use) -> Split_CSV_to_Lines (builds/holds data for later use) -> Run_a_query_against_a_dataset (uses a connector to do something) -> SelectFridayDeviceIDs (reshapes a list of records) -> SelectWednesdayDeviceIDs (reshapes a list of records) -> Filter_array (filters a list of records) -> ComposeWednesdayDeviceIDs (builds/holds data for later use) -> ComposeFridayDeviceID (builds/holds data for later use) -> Apply_to_each (repeats steps for each item in a list) -> Condition (checks a condition and branches) -> Append_to_array_variable (adds an item to a list in memory) -> MatchDeviceID (creates a variable) -> Compose_DeviceIDsToMove (builds/holds data for later use) -> Get_secret_UID (uses a connector to do something) -> Get_secret_PSWD (uses a connector to do something) -> Get_secret_APIKEY (uses a connector to do something) -> Filter_array_for_moving_devices (filters a list of records) -> SelectForMovingDevices (reshapes a list of records) -> Run_a_query_against_a_dataset_get_LOST_id (uses a connector to do something) -> Compose_LOST_ID (builds/holds data for later use) -> SuccessList (creates a variable) -> FailureList (creates a variable) -> Send_an_email_(V2) (uses a connector to do something) -> Create_CSV_table_for_moving_devices (builds a CSV/HTML report) -> Select_for_SharePoint (reshapes a list of records) -> Create_file (uses a connector to do something) -> API_Execution (groups steps (often error handling)) -> Apply_to_each_to_move_device (repeats steps for each item in a list) -> HTTP (calls an external website or API) -> SuccessCondition (checks a condition and branches) -> SuccessListArray (adds an item to a list in memory) -> FailureListArray (adds an item to a list in memory) -> ComposeSucess (builds/holds data for later use) -> ComposeFailure (builds/holds data for later use) -> Error_Handling (groups steps (often error handling)) -> Post_message_in_a_chat_or_channel (uses a connector to do something) -> FAILED_Send_an_email_(V2) (uses a connector to do something) -> Success_Handling (groups steps (often error handling)) -> Post_message_in_a_chat_or_channel_1 (uses a connector to do something) -> FAILED_Send_an_email_(V2)_1 (uses a connector to do something),RMGRMLMoveOfflineGT14DevicestoLOSTFolder-14947589-4654-F011-877A-6045BDD3BDDA.json
RMGRMLMoveOfflineGT44DevicestoWIPEFolder,"Runs automatically on a schedule. Connects to: Azure Key Vault (secrets/passwords); Microsoft Teams; Office 365 Outlook (email); Power BI; SharePoint. This flow loops through a list of records, makes decisions based on conditions, has error-handling logic, calls an external API/website, builds a report (CSV/HTML table).",Recurrence,Every 1 week(s) on Friday at 13:10 (Central Europe Standard Time),Azure Key Vault (secrets/passwords); Microsoft Teams; Office 365 Outlook (email); Power BI; SharePoint,Site: https://zebra.sharepoint.com/sites/DMSBAExternal | Item/Folder: /Shared Documents/RMG/LOST AND STOLEN/WIPE/RML/MOVED || Site: https://zebra.sharepoint.com/sites/DMSBAExternal | Item/Folder: @outputs('Compose_Wednesday_FilePath'),,,,https://zebrams001.eu.suremdm.io/api/deviceassignment,,Get_file_content_using_path (uses a connector to do something) -> Compose_Wednesday_FilePath (builds/holds data for later use) -> Decode_CSV_File_Content (builds/holds data for later use) -> Split_CSV_to_Lines (builds/holds data for later use) -> Run_a_query_against_a_dataset (uses a connector to do something) -> SelectFridayDeviceIDs (reshapes a list of records) -> SelectWednesdayDeviceIDs (reshapes a list of records) -> Filter_array (filters a list of records) -> ComposeWednesdayDeviceIDs (builds/holds data for later use) -> ComposeFridayDeviceID (builds/holds data for later use) -> Apply_to_each (repeats steps for each item in a list) -> Condition (checks a condition and branches) -> Append_to_array_variable (adds an item to a list in memory) -> MatchDeviceID (creates a variable) -> Compose_DeviceIDsToMove (builds/holds data for later use) -> Get_secret_UID (uses a connector to do something) -> Get_secret_PSWD (uses a connector to do something) -> Get_secret_APIKEY (uses a connector to do something) -> Filter_array_for_moving_devices (filters a list of records) -> SelectForMovingDevices (reshapes a list of records) -> Run_a_query_against_a_dataset_get_WIPE_id (uses a connector to do something) -> Compose_WIPE_ID (builds/holds data for later use) -> SuccessList (creates a variable) -> FailureList (creates a variable) -> Send_an_email_(V2) (uses a connector to do something) -> Create_CSV_table_for_moving_devices (builds a CSV/HTML report) -> Select_for_SharePoint (reshapes a list of records) -> Create_file (uses a connector to do something) -> API_Execution (groups steps (often error handling)) -> Apply_to_each_to_move_device (repeats steps for each item in a list) -> HTTP (calls an external website or API) -> SuccessCondition (checks a condition and branches) -> SuccessListArray (adds an item to a list in memory) -> FailureListArray (adds an item to a list in memory) -> ComposeSucess (builds/holds data for later use) -> ComposeFailure (builds/holds data for later use) -> Error_Handling (groups steps (often error handling)) -> Post_message_in_a_chat_or_channel (uses a connector to do something) -> FAILED_Send_an_email_(V2) (uses a connector to do something) -> SUCCESS_Handling (groups steps (often error handling)) -> Post_message_in_a_chat_or_channel_1 (uses a connector to do something) -> FAILED_Send_an_email_(V2)_1 (uses a connector to do something),RMGRMLMoveOfflineGT44DevicestoWIPEFolder-9C5070DA-0155-F011-877A-0022482F23C8.json
RMGRMLOfflineMoreThan14DaysaspertheRedlandsData,"Runs automatically on a schedule. Connects to: Office 365 Outlook (email); Power BI; SharePoint. This flow makes decisions based on conditions, has error-handling logic, builds a report (CSV/HTML table).",Recurrence,Every 1 week(s) on Wednesday at 11:30 (Central Europe Standard Time) [Starts: 2025-05-28T08:30:00Z],Office 365 Outlook (email); Power BI; SharePoint,Site: https://zebra.sharepoint.com/sites/DMSBAExternal | Item/Folder: /Shared Documents/RMG/LOST AND STOLEN/LOST/RML/INFORMED,,,,,,FAILED_Send_an_email_(V2) (uses a connector to do something) -> Master_Scope (groups steps (often error handling)) -> Scope_1 (groups steps (often error handling)) -> RMG_RML_Offline_MoreThan_14_Days_as_per_the_Redlands_Data (uses a connector to do something) -> Compose (builds/holds data for later use) -> Scope_2 (groups steps (often error handling)) -> Condition (checks a condition and branches) -> Run_a_query_against_a_dataset (uses a connector to do something) -> Select (reshapes a list of records) -> Create_HTML_table (builds a CSV/HTML report) -> Compose_Email (builds/holds data for later use) -> Send_an_email_(V2) (uses a connector to do something) -> Create_CSV_table (builds a CSV/HTML report) -> Select_for_SharePoint (reshapes a list of records) -> Create_CSV_table_for_SharePoint (builds a CSV/HTML report) -> Create_file (uses a connector to do something) -> Delay (pauses the flow),RMGRMLOfflineMoreThan14DaysaspertheRedlandsData-C8DF0836-8B35-F011-8C4E-6045BDD3BDDA.json
RMGRMLOfflineMoreThan44DaysaspertheRedlandsData,"Runs automatically on a schedule. Connects to: Office 365 Outlook (email); Power BI. This flow makes decisions based on conditions, builds a report (CSV/HTML table).",Recurrence,Every 1 week(s) on Wednesday at 11:30 (W. Europe Standard Time) [Starts: 2025-05-28T08:30:00Z],Office 365 Outlook (email); Power BI,,,,,,,RMG_RML_Offline_MoreThan_44_Days_as_per_the_Redlands_Data (uses a connector to do something) -> Condition (checks a condition and branches) -> Run_a_query_against_a_dataset (uses a connector to do something) -> Select (reshapes a list of records) -> Create_HTML_table (builds a CSV/HTML report) -> Compose_Email (builds/holds data for later use) -> Send_an_email_(V2) (uses a connector to do something) -> Create_CSV_table (builds a CSV/HTML report) -> Compose (builds/holds data for later use) -> FAILED_Send_an_email_(V2) (uses a connector to do something),RMGRMLOfflineMoreThan44DaysaspertheRedlandsData-EBAC3D0E-9935-F011-8C4E-7C1E528247C3.json
RMGSaveReturnPictures,Trigger type: OpenApiConnection. Connects to: Office 365 Outlook (email); SharePoint. This flow loops through a list of records.,OpenApiConnection,,Office 365 Outlook (email); SharePoint,"Site: https://zebra.sharepoint.com/sites/ROYALMAILCustomerTEAM | Item/Folder: /Shared Documents/TC57 Device Return Photos/@{formatDateTime(utcNow(), 'yyyy')}/@{formatDateTime(utcNow(), 'MMMM')}/@{formatDateTime(utcNow(), 'dd')}",,,,,,For_each (repeats steps for each item in a list) -> Get_Attachment_(V2) (uses a connector to do something) -> For_each_1 (repeats steps for each item in a list) -> Create_file (uses a connector to do something),RMGSaveReturnPictures-FC6F64ED-C228-F011-8C4E-7C1E528247C3.json
RMGSFTPTest,"Runs when called by another app, flow, or system. Connects to: shared_sftpwithssh.",Request,,shared_sftpwithssh,,,,,,,csv_to_RMG_CMDB (uses a connector to do something) -> List_files_in_folder-copy_2 (uses a connector to do something) -> List_files_in_folder-copy_3 (uses a connector to do something),RMGSFTPTest-C6D286FF-0C0F-F011-9989-6045BDD3BDDA.json
RMGSNtoTagEXAMPAPERAPIManual,"Runs when called by another app, flow, or system. Connects to: Azure Key Vault (secrets/passwords); Excel Online; Office 365 Outlook (email). This flow loops through a list of records, calls an external API/website.",Request,,Azure Key Vault (secrets/passwords); Excel Online; Office 365 Outlook (email),,,,,https://zebrams001.eu.suremdm.io/api/dynamicjob,,Send_an_email_(V2) (uses a connector to do something) -> Apply_to_each (repeats steps for each item in a list) -> SN (builds/holds data for later use) -> DevID (builds/holds data for later use) -> HTTP (calls an external website or API) -> List_rows_present_in_a_table (uses a connector to do something) -> Send_an_email_(V2)_2 (uses a connector to do something) -> Get_secret_UID (uses a connector to do something) -> Get_secret_PSWD (uses a connector to do something),RMGSNtoTagEXAMPAPERAPIManual-00A49AE8-445E-F011-BEC1-0022482F23C8.json
RMGSNtoTagPEAKAPIManual,"Runs when called by another app, flow, or system. Connects to: Azure Key Vault (secrets/passwords); Excel Online; Office 365 Outlook (email). This flow loops through a list of records, calls an external API/website.",Request,,Azure Key Vault (secrets/passwords); Excel Online; Office 365 Outlook (email),,,,,https://zebrams001.eu.suremdm.io/api/dynamicjob,,Send_an_email_(V2) (uses a connector to do something) -> Apply_to_each (repeats steps for each item in a list) -> SN (builds/holds data for later use) -> DevID (builds/holds data for later use) -> HTTP (calls an external website or API) -> List_rows_present_in_a_table (uses a connector to do something) -> Send_an_email_(V2)_2 (uses a connector to do something) -> Get_secret_UID (uses a connector to do something) -> Get_secret_PSWD (uses a connector to do something),RMGSNtoTagPEAKAPIManual-95513DC4-1445-F011-877A-7C1E528247C3.json
RMGSTAGINGServerSNtoTagEXAMPAPERAPIManual,"Runs when called by another app, flow, or system. Connects to: Azure Key Vault (secrets/passwords); Excel Online; Office 365 Outlook (email). This flow loops through a list of records, calls an external API/website.",Request,,Azure Key Vault (secrets/passwords); Excel Online; Office 365 Outlook (email),,,,,https://zebrams000.eu.suremdm.io/api/dynamicjob,,Send_an_email_(V2) (uses a connector to do something) -> Apply_to_each (repeats steps for each item in a list) -> SN (builds/holds data for later use) -> DevID (builds/holds data for later use) -> HTTP (calls an external website or API) -> List_rows_present_in_a_table (uses a connector to do something) -> Send_an_email_(V2)_2 (uses a connector to do something) -> Get_secret_UID (uses a connector to do something) -> Get_secret_PSWD (uses a connector to do something),RMGSTAGINGServerSNtoTagEXAMPAPERAPIManual-6031251C-7168-F011-BEC2-0022482F23C8.json
RMGTagginFromSNToDaisyAutomation,"Runs automatically on a schedule. Connects to: Azure Key Vault (secrets/passwords); Office 365 Outlook (email); Power BI; SharePoint. This flow loops through a list of records, makes decisions based on conditions, has error-handling logic, calls an external API/website, builds a report (CSV/HTML table).",Recurrence,"Every 1 week(s) on Monday, Tuesday, Wednesday, Thursday, Friday, Saturday at 18:10 (Central Europe Standard Time)",Azure Key Vault (secrets/passwords); Office 365 Outlook (email); Power BI; SharePoint,Site: https://zebra.sharepoint.com/sites/StrategicInnovationandAutomation | Item/Folder: /Shared Documents/DOCUMENTS/1. ACCOUNTS/ROYAL MAIL GROUP/3. PROJECT/DAISY PROJECT/1. TAG FROM SN TO DAISY,,,,https://zebrams001.eu.suremdm.io/api/dynamicjob,,Scope (groups steps (often error handling)) -> Get_secret_UID (uses a connector to do something) -> Get_secret_PSWD (uses a connector to do something) -> Run_a_query_against_a_dataset (uses a connector to do something) -> Compose (builds/holds data for later use) -> Condition (checks a condition and branches) -> SN_Needs_to_be_Tagged_Daisy (uses a connector to do something) -> Select (reshapes a list of records) -> Create_CSV_table (builds a CSV/HTML report) -> Create_file (uses a connector to do something) -> Delay (pauses the flow) -> Apply_to_each (repeats steps for each item in a list) -> ComposeDeviceID (builds/holds data for later use) -> ComposeDeviceName (builds/holds data for later use) -> ComposeSerialNumber (builds/holds data for later use) -> HTTP (calls an external website or API) -> Send_an_email_(V2) (uses a connector to do something),RMGTagginFromSNToDaisyAutomation-F06B7B50-E551-F011-877A-6045BDD3BDDA.json
RMGTaggingFromSNToExamAutomation,"Runs automatically on a schedule. Connects to: Azure Key Vault (secrets/passwords); Office 365 Outlook (email); Power BI; SharePoint. This flow loops through a list of records, makes decisions based on conditions, has error-handling logic, calls an external API/website, builds a report (CSV/HTML table).",Recurrence,"Every 1 week(s) on Monday, Tuesday, Wednesday, Thursday, Friday, Saturday at 18:10 (Central Europe Standard Time)",Azure Key Vault (secrets/passwords); Office 365 Outlook (email); Power BI; SharePoint,Site: https://zebra.sharepoint.com/sites/StrategicInnovationandAutomation | Item/Folder: /Shared Documents/DOCUMENTS/1. ACCOUNTS/ROYAL MAIL GROUP/3. PROJECT/DAISY PROJECT/1. TAG FROM SN TO DAISY,,,,https://zebrams001.eu.suremdm.io/api/dynamicjob,,Scope (groups steps (often error handling)) -> Get_secret_UID (uses a connector to do something) -> Get_secret_PSWD (uses a connector to do something) -> Run_a_query_against_a_dataset (uses a connector to do something) -> Compose (builds/holds data for later use) -> Condition (checks a condition and branches) -> SN_Needs_to_be_Tagged_Daisy (uses a connector to do something) -> Select (reshapes a list of records) -> Create_CSV_table (builds a CSV/HTML report) -> Create_file (uses a connector to do something) -> Delay (pauses the flow) -> Apply_to_each (repeats steps for each item in a list) -> ComposeDeviceID (builds/holds data for later use) -> ComposeDeviceName (builds/holds data for later use) -> ComposeSerialNumber (builds/holds data for later use) -> HTTP (calls an external website or API) -> Send_an_email_(V2) (uses a connector to do something),RMGTaggingFromSNToExamAutomation-EF6F9B0A-2B3E-F111-88B5-000D3A8F644D.json
RMGTaggingFromSNToRelayAutomation,"Runs automatically on a schedule. Connects to: Azure Key Vault (secrets/passwords); Microsoft Teams; Power BI; SharePoint. This flow loops through a list of records, makes decisions based on conditions, has error-handling logic, calls an external API/website, builds a report (CSV/HTML table).",Recurrence,"Every 1 week(s) on Monday, Tuesday, Wednesday, Thursday, Friday, Saturday at 18:10 (Central Europe Standard Time) [Starts: 2025-11-05T08:46:37Z]",Azure Key Vault (secrets/passwords); Microsoft Teams; Power BI; SharePoint,Site: https://zebra.sharepoint.com/sites/DMSBAExternal | Item/Folder: /Shared Documents/RMG/PROJECTS/RELAY/RELAY TAGGING/,,,,https://zebrams001.eu.suremdm.io/api/dynamicjob,,Scope (groups steps (often error handling)) -> Get_secret_UID (uses a connector to do something) -> Get_secret_PSWD (uses a connector to do something) -> Run_a_query_against_a_dataset (uses a connector to do something) -> Compose (builds/holds data for later use) -> Condition (checks a condition and branches) -> SN_Needs_to_be_Tagged_Relay (uses a connector to do something) -> Select (reshapes a list of records) -> Create_CSV_table (builds a CSV/HTML report) -> Create_file (uses a connector to do something) -> Apply_to_each (repeats steps for each item in a list) -> ComposeDeviceID (builds/holds data for later use) -> ComposeDeviceName (builds/holds data for later use) -> ComposeSerialNumber (builds/holds data for later use) -> HTTP (calls an external website or API) -> Get_secret (uses a connector to do something) -> Error_Handling (groups steps (often error handling)) -> Post_message_in_a_chat_or_channel (uses a connector to do something) -> Filter_array (filters a list of records) -> ERROR_MESSAGE (builds/holds data for later use),RMGTaggingFromSNToRelayAutomation-503CB69C-982B-F111-88B4-000D3A8F644D.json
RMGTBWInboundToInboundFolder,"Trigger type: OpenApiConnection. Connects to: Office 365 Outlook (email); SharePoint. This flow loops through a list of records, makes decisions based on conditions.",OpenApiConnection,,Office 365 Outlook (email); SharePoint,Site: https://zebra.sharepoint.com/sites/DMSBAExternal | Item/Folder: /Shared Documents/RMG/TBW/INBOUND ASSET LIST,,,,,,For_each (repeats steps for each item in a list) -> Condition (checks a condition and branches) -> Create_file (uses a connector to do something) -> Compose (builds/holds data for later use),RMGTBWInboundToInboundFolder-2A25B121-57B9-F011-BBD3-6045BDD64A0D.json
RMGTBWOutboundToOutboundFolder,"Trigger type: OpenApiConnection. Connects to: Office 365 Outlook (email); SharePoint. This flow loops through a list of records, makes decisions based on conditions.",OpenApiConnection,,Office 365 Outlook (email); SharePoint,Site: https://zebra.sharepoint.com/sites/DMSBAExternal | Item/Folder: /Shared Documents/RMG/TBW/OUTBOUND ASSET LIST,,,,,,For_each (repeats steps for each item in a list) -> Condition (checks a condition and branches) -> Create_file (uses a connector to do something) -> Compose (builds/holds data for later use),RMGTBWOutboundToOutboundFolder-6A25B121-57B9-F011-BBD3-6045BDD64A0D.json
RMGUpdateSharepointListforINCTracker,Runs automatically on a schedule. Connects to: Power BI; SharePoint. This flow loops through a list of records.,Recurrence,Every 1 day(s) at 10:00 (Central Europe Standard Time),Power BI; SharePoint,Site: https://zebra.sharepoint.com/sites/StrategicInnovationandAutomation || Site: https://zebra.sharepoint.com/sites/StrategicInnovationandAutomation | Item/Folder: @items('Apply_to_each1')?['Delta_Changed_For_INC_Tracker[SP_ID]'],,,,,,Run_a_query_against_a_dataset (uses a connector to do something) -> Apply_to_each (repeats steps for each item in a list) -> Create_item (uses a connector to do something) -> Run_a_query_against_a_dataset1 (uses a connector to do something) -> Apply_to_each1 (repeats steps for each item in a list) -> Update_item (uses a connector to do something),RMGUpdateSharepointListforINCTracker-65B0B610-A35D-F111-A826-7CED8DD7139C.json
RMGVIQFBatteryHealthStatus,"Runs automatically on a schedule. Connects to: Microsoft Teams; Office 365 Outlook (email); Power BI; SharePoint. This flow makes decisions based on conditions, has error-handling logic, builds a report (CSV/HTML table).",Recurrence,Every 1 week(s) on Monday at 07:00 (UTC) [Starts: 2026-02-24T09:00:00Z],Microsoft Teams; Office 365 Outlook (email); Power BI; SharePoint,"Site: https://zebra.sharepoint.com/sites/DMSBAExternal | Item/Folder: /Shared Documents/RMG/VIQF BATTERY HEALTH/@{formatDateTime(utcNow(), 'yyyy')}/@{formatDateTime(utcNow(), 'MMMM')}/",,,,,,MinRows (creates a variable) -> IncrRows (creates a variable) -> appendCSV (creates a variable) -> LoopsVar (creates a variable) -> Scope (groups steps (often error handling)) -> Calculate_Loops (uses a connector to do something) -> Loops2run (builds/holds data for later use) -> Do_until (repeats steps until a condition is met) -> Run_a_query_against_a_dataset (uses a connector to do something) -> Create_CSV_table (builds a CSV/HTML report) -> IncrMinRows (IncrementVariable) -> IncrRows2 (IncrementVariable) -> IncrLoops (IncrementVariable) -> Append_to_string_variable (AppendToStringVariable) -> Select (reshapes a list of records) -> convert2csv (builds/holds data for later use) -> Create_file (uses a connector to do something) -> Condition (checks a condition and branches) -> Send_an_email_(V2) (uses a connector to do something) -> Terminate (stops the flow) -> CatchError (groups steps (often error handling)) -> Post_message_in_a_chat_or_channel_2 (uses a connector to do something) -> Filter_array (filters a list of records) -> Error_Message (builds/holds data for later use),RMGVIQFBatteryHealthStatus-84EB5747-8910-F111-8406-7CED8DD7139C.json
RMGZebDailyINCsPBIReport,"Trigger type: OpenApiConnection. Connects to: Office 365 Outlook (email); SharePoint. This flow loops through a list of records, makes decisions based on conditions.",OpenApiConnection,,Office 365 Outlook (email); SharePoint,Site: https://zebra.sharepoint.com/sites/DMSBAExternal | Item/Folder: /Shared Documents/RMG/Zeb Daily INCs PBI Report,,,,,,For_each (repeats steps for each item in a list) -> Condition (checks a condition and branches) -> Create_file (uses a connector to do something) -> Compose (builds/holds data for later use),RMGZebDailyINCsPBIReport-87F7AB1F-57B9-F011-BBD3-7C1E5267A40E.json
RMGZebPreviousDayCreatedIncidents,"Trigger type: OpenApiConnection. Connects to: Office 365 Outlook (email); SharePoint. This flow loops through a list of records, makes decisions based on conditions.",OpenApiConnection,,Office 365 Outlook (email); SharePoint,Site: https://zebra.sharepoint.com/sites/DMSBAExternal | Item/Folder: /Shared Documents/RMG/Zeb Previous Day Created Incidents,,,,,,For_each (repeats steps for each item in a list) -> Condition (checks a condition and branches) -> Create_file (uses a connector to do something) -> Compose (builds/holds data for later use),RMGZebPreviousDayCreatedIncidents-8AF7AB1F-57B9-F011-BBD3-7C1E5267A40E.json
RMGZebraAssetManagementRegister,"Runs automatically on a schedule. Connects to: Microsoft Teams; Office 365 Outlook (email); Power BI; SharePoint. This flow has error-handling logic, builds a report (CSV/HTML table).",Recurrence,Every 1 month(s) (UTC) [Starts: 2026-04-01T01:00:00Z],Microsoft Teams; Office 365 Outlook (email); Power BI; SharePoint,"Site: https://zebra.sharepoint.com/sites/DMSBAExternal | Item/Folder: /Shared Documents/RMG/ASSET MANAGEMENT REGISTER MONTHLY/@{formatDateTime(utcNow(), 'yyyy')}/@{formatDateTime(utcNow(), 'MMMM')}/",,,,,,MinRows (creates a variable) -> IncrRows (creates a variable) -> appendCSV (creates a variable) -> LoopsVar (creates a variable) -> Scope (groups steps (often error handling)) -> Calculate_Loops (uses a connector to do something) -> Loops2run (builds/holds data for later use) -> Do_until (repeats steps until a condition is met) -> Run_a_query_against_a_dataset (uses a connector to do something) -> Create_CSV_table (builds a CSV/HTML report) -> IncrMinRows (IncrementVariable) -> IncrRows2 (IncrementVariable) -> IncrLoops (IncrementVariable) -> Append_to_string_variable (AppendToStringVariable) -> Select (reshapes a list of records) -> convert2csv (builds/holds data for later use) -> Create_file (uses a connector to do something) -> Send_an_email_(V2) (uses a connector to do something) -> CatchError (groups steps (often error handling)) -> Post_message_in_a_chat_or_channel_2 (uses a connector to do something) -> Filter_array (filters a list of records) -> Error_Message (builds/holds data for later use) -> EmailTO (builds/holds data for later use) -> EmailCC (builds/holds data for later use),RMGZebraAssetManagementRegister-AE8ECDAB-FB29-F111-88B3-7C1E524AA539.json
RMG_GPRS_Compliance_History,"Runs automatically on a schedule. Connects to: Power BI; SharePoint. This flow loops through a list of records, has error-handling logic.",Recurrence,"Every 1 week(s) on Monday, Tuesday, Wednesday, Thursday, Friday, Saturday, Sunday at 05:10 (UTC-02)",Power BI; SharePoint,Site: https://zebra.sharepoint.com/sites/StrategicInnovationandAutomation,,,,,,Scope (groups steps (often error handling)) -> Run_a_query_against_a_dataset (uses a connector to do something) -> Apply_to_each (repeats steps for each item in a list) -> Create_item (uses a connector to do something) -> Scope_1 (groups steps (often error handling)),RMG_GPRS_Compliance_History-63B0B610-A35D-F111-A826-7CED8DD7139C.json
RMG_rmg_inc_trackerto_rmg_inc_tracker_db,"Runs automatically on a schedule. Connects to: SharePoint. This flow loops through a list of records, makes decisions based on conditions.",Recurrence,Every 1 day(s) at 00:30 (GMT Standard Time),SharePoint,Site: https://zebra.sharepoint.com/sites/DMSBAExternal || Site: https://zebra.sharepoint.com/sites/DMSBAExternal | Item/Folder: @items('Apply_to_each_Old_Item')?['ID'] || Site: https://zebra.sharepoint.com/sites/WeeklyDashboardData,,,,,,Compose_Today_UK (builds/holds data for later use) -> Get_items (uses a connector to do something) -> Filter_Old_Items_UK (filters a list of records) -> Apply_to_each_Old_Item (repeats steps for each item in a list) -> Get_items_Archive_Check (uses a connector to do something) -> Condition_Already_Archived (checks a condition and branches) -> Delete_item_1 (uses a connector to do something) -> Create_item_Archive (uses a connector to do something),RMG_rmg_inc_trackerto_rmg_inc_tracker_db-53A3A42D-3880-F111-AB0F-000D3A8F644D.json
RMG_VIQF_Battery_Info_Data_Storage_for_Trend,"Runs automatically on a schedule. Connects to: Microsoft Teams; Office 365 Outlook (email); Power BI; SharePoint. This flow has error-handling logic, builds a report (CSV/HTML table).",Recurrence,Every 1 day(s) at 23:55 (Central Europe Standard Time) [Starts: 2025-03-16T09:00:00Z],Microsoft Teams; Office 365 Outlook (email); Power BI; SharePoint,Site: https://zebra.sharepoint.com/sites/DMSBAExternal | Item/Folder: /Shared Documents/RMG/VIQF/BATTERY_INFO,,,,,,Error_Handling (groups steps (often error handling)) -> Post_message_in_a_chat_or_channel (uses a connector to do something) -> Send_an_email_(V2) (uses a connector to do something) -> Master (groups steps (often error handling)) -> Scope (groups steps (often error handling)) -> Calculate_Loops (uses a connector to do something) -> Loops2run (builds/holds data for later use) -> Do_until (repeats steps until a condition is met) -> Run_a_query_against_a_dataset (uses a connector to do something) -> Create_CSV_table (builds a CSV/HTML report) -> IncrMinRows (IncrementVariable) -> IncrRows2 (IncrementVariable) -> IncrLoops (IncrementVariable) -> Select (reshapes a list of records) -> Append_to_string_variable (AppendToStringVariable) -> convert2csv (builds/holds data for later use) -> Create_file (uses a connector to do something) -> MinRows (creates a variable) -> IncrRows (creates a variable) -> appendCSV (creates a variable) -> LoopsVar (creates a variable),RMG_VIQF_Battery_Info_Data_Storage_for_Trend-9B3AE84B-846C-F011-BEC2-0022482F23C8.json
RMG_VIQF_Battery_Swap_Data_Storage_for_Trend,"Runs automatically on a schedule. Connects to: Microsoft Teams; Office 365 Outlook (email); Power BI; SharePoint. This flow has error-handling logic, builds a report (CSV/HTML table).",Recurrence,Every 1 day(s) at 23:55 (Central Europe Standard Time) [Starts: 2025-03-16T09:00:00Z],Microsoft Teams; Office 365 Outlook (email); Power BI; SharePoint,Site: https://zebra.sharepoint.com/sites/DMSBAExternal | Item/Folder: /Shared Documents/RMG/VIQF/BATTERY_SWAP,,,,,,Error_Handling (groups steps (often error handling)) -> Post_message_in_a_chat_or_channel (uses a connector to do something) -> Send_an_email_(V2) (uses a connector to do something) -> Master (groups steps (often error handling)) -> Scope (groups steps (often error handling)) -> Calculate_Loops (uses a connector to do something) -> Loops2run (builds/holds data for later use) -> Do_until (repeats steps until a condition is met) -> Run_a_query_against_a_dataset (uses a connector to do something) -> Create_CSV_table (builds a CSV/HTML report) -> IncrMinRows (IncrementVariable) -> IncrRows2 (IncrementVariable) -> IncrLoops (IncrementVariable) -> Select (reshapes a list of records) -> Append_to_string_variable (AppendToStringVariable) -> convert2csv (builds/holds data for later use) -> Create_file (uses a connector to do something) -> MinRows (creates a variable) -> IncrRows (creates a variable) -> appendCSV (creates a variable) -> LoopsVar (creates a variable),RMG_VIQF_Battery_Swap_Data_Storage_for_Trend-28D678CA-9C6C-F011-BEC2-7C1E52488D9D.json
RMG_VIQF_Device_Disruptions_Data_Storage_for_Trend,"Runs automatically on a schedule. Connects to: Microsoft Teams; Office 365 Outlook (email); Power BI; SharePoint. This flow has error-handling logic, builds a report (CSV/HTML table).",Recurrence,Every 1 day(s) at 23:55 (Central Europe Standard Time) [Starts: 2025-03-16T09:00:00Z],Microsoft Teams; Office 365 Outlook (email); Power BI; SharePoint,Site: https://zebra.sharepoint.com/sites/DMSBAExternal | Item/Folder: /Shared Documents/RMG/VIQF/DEVICE_DISRUPTIONS,,,,,,Error_Handling (groups steps (often error handling)) -> Post_message_in_a_chat_or_channel (uses a connector to do something) -> Send_an_email_(V2) (uses a connector to do something) -> Master (groups steps (often error handling)) -> Scope (groups steps (often error handling)) -> Calculate_Loops (uses a connector to do something) -> Loops2run (builds/holds data for later use) -> Do_until (repeats steps until a condition is met) -> Run_a_query_against_a_dataset (uses a connector to do something) -> Create_CSV_table (builds a CSV/HTML report) -> IncrMinRows (IncrementVariable) -> IncrRows2 (IncrementVariable) -> IncrLoops (IncrementVariable) -> Select (reshapes a list of records) -> Append_to_string_variable (AppendToStringVariable) -> convert2csv (builds/holds data for later use) -> Create_file (uses a connector to do something) -> MinRows (creates a variable) -> IncrRows (creates a variable) -> appendCSV (creates a variable) -> LoopsVar (creates a variable),RMG_VIQF_Device_Disruptions_Data_Storage_for_Trend-7523FC24-A56C-F011-BEC2-7C1E52488D9D.json
RMG_VIQF_Device_Info_Data_Storage_for_Trend,"Runs automatically on a schedule. Connects to: Microsoft Teams; Office 365 Outlook (email); Power BI; SharePoint. This flow has error-handling logic, builds a report (CSV/HTML table).",Recurrence,Every 1 day(s) at 23:55 (Central Europe Standard Time) [Starts: 2025-03-16T09:00:00Z],Microsoft Teams; Office 365 Outlook (email); Power BI; SharePoint,Site: https://zebra.sharepoint.com/sites/DMSBAExternal | Item/Folder: /Shared Documents/RMG/VIQF/DEVICE_INFO,,,,,,Error_Handling (groups steps (often error handling)) -> Post_message_in_a_chat_or_channel (uses a connector to do something) -> Send_an_email_(V2) (uses a connector to do something) -> Master (groups steps (often error handling)) -> Scope (groups steps (often error handling)) -> Calculate_Loops (uses a connector to do something) -> Loops2run (builds/holds data for later use) -> Do_until (repeats steps until a condition is met) -> Run_a_query_against_a_dataset (uses a connector to do something) -> Create_CSV_table (builds a CSV/HTML report) -> IncrMinRows (IncrementVariable) -> IncrRows2 (IncrementVariable) -> IncrLoops (IncrementVariable) -> Select (reshapes a list of records) -> Append_to_string_variable (AppendToStringVariable) -> convert2csv (builds/holds data for later use) -> Create_file (uses a connector to do something) -> MinRows (creates a variable) -> IncrRows (creates a variable) -> appendCSV (creates a variable) -> LoopsVar (creates a variable),RMG_VIQF_Device_Info_Data_Storage_for_Trend-DA845504-A26C-F011-BEC2-0022482F23C8.json
RMG_VIQF_Device_Scan_Data_Storage_for_Trend,"Runs automatically on a schedule. Connects to: Microsoft Teams; Office 365 Outlook (email); Power BI; SharePoint. This flow has error-handling logic, builds a report (CSV/HTML table).",Recurrence,Every 1 day(s) at 23:55 (Central Europe Standard Time) [Starts: 2025-03-16T09:00:00Z],Microsoft Teams; Office 365 Outlook (email); Power BI; SharePoint,Site: https://zebra.sharepoint.com/sites/DMSBAExternal | Item/Folder: /Shared Documents/RMG/VIQF/DEVICE_SCAN,,,,,,Error_Handling (groups steps (often error handling)) -> Post_message_in_a_chat_or_channel (uses a connector to do something) -> Send_an_email_(V2) (uses a connector to do something) -> Master (groups steps (often error handling)) -> Scope (groups steps (often error handling)) -> Calculate_Loops (uses a connector to do something) -> Loops2run (builds/holds data for later use) -> Do_until (repeats steps until a condition is met) -> Run_a_query_against_a_dataset (uses a connector to do something) -> Create_CSV_table (builds a CSV/HTML report) -> IncrMinRows (IncrementVariable) -> IncrRows2 (IncrementVariable) -> IncrLoops (IncrementVariable) -> Select (reshapes a list of records) -> Append_to_string_variable (AppendToStringVariable) -> convert2csv (builds/holds data for later use) -> Create_file (uses a connector to do something) -> MinRows (creates a variable) -> IncrRows (creates a variable) -> appendCSV (creates a variable) -> LoopsVar (creates a variable),RMG_VIQF_Device_Scan_Data_Storage_for_Trend-86453050-A76C-F011-BEC2-0022482F23C8.json
RMG_WiFi_Compliance_History,"Runs automatically on a schedule. Connects to: Power BI; SharePoint. This flow loops through a list of records, has error-handling logic.",Recurrence,"Every 1 week(s) on Monday, Tuesday, Wednesday, Thursday, Friday, Saturday, Sunday at 05:10 (UTC-02)",Power BI; SharePoint,Site: https://zebra.sharepoint.com/sites/StrategicInnovationandAutomation,,,,,,Scope (groups steps (often error handling)) -> Run_a_query_against_a_dataset (uses a connector to do something) -> Apply_to_each (repeats steps for each item in a list) -> Create_item (uses a connector to do something) -> Scope_1 (groups steps (often error handling)),RMG_WiFi_Compliance_History-F938D511-A35D-F111-A826-000D3A8F644D.json
RMG_ZEBRA_PDA_X012TOBIG_TCS,Runs automatically on a schedule. Connects to: Office 365 Outlook (email); Power BI; SharePoint; shared_sftpwithssh. This flow builds a report (CSV/HTML table).,Recurrence,Every 1 day(s) at 09:00 (Central Europe Standard Time) [Starts: 2025-03-16T09:00:00Z],Office 365 Outlook (email); Power BI; SharePoint; shared_sftpwithssh,"Site: https://zebra.sharepoint.com/sites/DMSBAExternal | Item/Folder: %252fShared%2bDocuments%252fRMG%252fRMG%2bSNOW%252fRMG_ZEBRA_PDA.csv || Site: https://zebra.sharepoint.com/sites/DMSBAExternal | Item/Folder: /Shared Documents/RMG/RMG SNOW/ARCHIVE/@{formatDateTime(utcNow(), 'yyyy')}/@{formatDateTime(utcNow(), 'MMMM')}/ || Site: https://zebra.sharepoint.com/sites/WeeklyDashboardData | Item/Folder: /Shared Documents/Royal Mail/RMG asset register/Raw Data Archive/TBW_confidential/X012 ARCHIVE/@{formatDateTime(utcNow(), 'yyyy')}/@{formatDateTime(utcNow(), 'MMMM')}",,,,,,MinRows (creates a variable) -> IncrRows (creates a variable) -> Calculate_Loops (uses a connector to do something) -> Loops2run (builds/holds data for later use) -> LoopsVar (creates a variable) -> Do_until (repeats steps until a condition is met) -> Run_a_query_against_a_dataset (uses a connector to do something) -> Create_CSV_table (builds a CSV/HTML report) -> IncrMinRows (IncrementVariable) -> IncrRows2 (IncrementVariable) -> IncrLoops (IncrementVariable) -> Append_to_string_variable (AppendToStringVariable) -> Select (reshapes a list of records) -> appendCSV (creates a variable) -> Create_file (uses a connector to do something) -> convert2csv (builds/holds data for later use) -> RMG_CMDB_csv_on_SFTP (uses a connector to do something) -> Update_file (uses a connector to do something) -> Update_file_RMG_ZEBRA_PDA (uses a connector to do something) -> To_BA_Site_for_Service_Management (uses a connector to do something) -> Send_an_email_(V2) (uses a connector to do something),RMG_ZEBRA_PDA_X012TOBIG_TCS-85024AC7-2A46-F011-877A-7C1E528247C3.json
RMG_ZEBRA_PDA_X012TORMG,"Runs automatically on a schedule. Connects to: Microsoft Teams; Office 365 Outlook (email); Power BI; SharePoint; shared_sftpwithssh. This flow loops through a list of records, makes decisions based on conditions, has error-handling logic, builds a report (CSV/HTML table).",Recurrence,Every 1 day(s) at 07:00 (UTC) [Starts: 2025-03-16T09:00:00Z],Microsoft Teams; Office 365 Outlook (email); Power BI; SharePoint; shared_sftpwithssh,"Site: https://zebra.sharepoint.com/sites/DMSBAExternal | Item/Folder: %252fShared%2bDocuments%252fRMG%252fRMG%2bSNOW%252fRMG_ZEBRA_PDA.csv || Site: https://zebra.sharepoint.com/sites/DMSBAExternal | Item/Folder: /Shared Documents/RMG/ACCENTURE QLIK || Site: https://zebra.sharepoint.com/sites/DMSBAExternal | Item/Folder: /Shared Documents/RMG/RMG SNOW/ARCHIVE/@{formatDateTime(utcNow(), 'yyyy')}/@{formatDateTime(utcNow(), 'MMMM')}/ || Site: https://zebra.sharepoint.com/sites/DMSBAExternal | Item/Folder: @items('For_each_1')?['{Identifier}'] || Site: https://zebra.sharepoint.com/sites/WeeklyDashboardData | Item/Folder: /Shared Documents/Royal Mail/RMG asset register/Raw Data Archive/TBW_confidential/X012 ARCHIVE/@{formatDateTime(utcNow(), 'yyyy')}/@{formatDateTime(utcNow(), 'MMMM')}",,,,,,Error_Handling (groups steps (often error handling)) -> Post_message_in_a_chat_or_channel (uses a connector to do something) -> Send_an_email_(V2) (uses a connector to do something) -> Master (groups steps (often error handling)) -> Scope (groups steps (often error handling)) -> Calculate_Loops (uses a connector to do something) -> Loops2run (builds/holds data for later use) -> Do_until (repeats steps until a condition is met) -> Run_a_query_against_a_dataset (uses a connector to do something) -> Create_CSV_table (builds a CSV/HTML report) -> IncrMinRows (IncrementVariable) -> IncrRows2 (IncrementVariable) -> IncrLoops (IncrementVariable) -> Append_to_string_variable (AppendToStringVariable) -> Select (reshapes a list of records) -> convert2csv (builds/holds data for later use) -> Create_file (uses a connector to do something) -> Scope_update_file (groups steps (often error handling)) -> Update_file_RMG_ZEBRA_PDA (uses a connector to do something) -> RMG_CMDB_csv_on_SFTP (uses a connector to do something) -> Update_file (uses a connector to do something) -> To_BA_Site_for_Service_Management (uses a connector to do something) -> Update_file_for_BIG_TCS (uses a connector to do something) -> Scope_QLIK (groups steps (often error handling)) -> Get_files_(properties_only) (uses a connector to do something) -> Filter_array (filters a list of records) -> Condition (checks a condition and branches) -> For_each (repeats steps for each item in a list) -> For_each_1 (repeats steps for each item in a list) -> Delete_file (uses a connector to do something) -> Create_QLIK_file (uses a connector to do something) -> MinRows (creates a variable) -> IncrRows (creates a variable) -> appendCSV (creates a variable) -> LoopsVar (creates a variable),RMG_ZEBRA_PDA_X012TORMG-02CF5E28-5803-F011-BAE3-6045BDD3BDDA.json
RoyalMailGroupPBIRefreshafterUpdatingtheMasterSite,"Runs when called by another app, flow, or system. Connects to: Office 365 Outlook (email); Power BI.",Request,,Office 365 Outlook (email); Power BI,,,,,,,Refresh_a_dataset (uses a connector to do something) -> Send_an_email_(V2) (uses a connector to do something),RoyalMailGroupPBIRefreshafterUpdatingtheMasterSite-E0B82000-B3F1-EE11-904C-002248280236.json
RoyalMailLostStolenWipeOffline14and44Reports,"Runs automatically on a schedule. Connects to: Office 365 Outlook (email); Power BI. This flow makes decisions based on conditions, builds a report (CSV/HTML table).",Recurrence,"Every 1 week(s) on Monday, Wednesday, Friday at 10:00 (W. Europe Standard Time)",Office 365 Outlook (email); Power BI,,,,,,,CountLostStolenWipe (uses a connector to do something) -> LostStolenWipeCount (creates a variable) -> Condition (checks a condition and branches) -> LostStolenWipe_Offline_more_than_14_days (uses a connector to do something) -> Select_LostStolenWipe_Offline_more_than_14_days (reshapes a list of records) -> Create_CSV_table_LostStolenWipe_Offline_more_than_14_days (builds a CSV/HTML report) -> LostStolenWipe_Offline_more_than_44_days (uses a connector to do something) -> Create_CSV_table_Select_LostStolenWipe_Offline_more_than_44_Days (builds a CSV/HTML report) -> Send_an_email_(V2) (uses a connector to do something) -> Select_LostStolenWipe_Offline_more_than_44_days (reshapes a list of records) -> Compose (builds/holds data for later use) -> LostStolenWipe_Offline_LESS_than_14_days (uses a connector to do something) -> Select_LostStolenWipe_Offline_LESS_than_14_days (reshapes a list of records) -> Create_CSV_table_LostStolenWipe_Offline_LESS_than_14_days (builds a CSV/HTML report) -> LostStolenWipe_OverAll_Count_By_Status (uses a connector to do something) -> Select_LostStolenWipe_OverAll_Count_By_Status (reshapes a list of records) -> Create_HTML_table (builds a CSV/HTML report) -> Compose_2 (builds/holds data for later use) -> LostStolenWipe_Offline_LESS_than_14_days_ICCID (uses a connector to do something) -> Initialize_variable (creates a variable),RoyalMailLostStolenWipeOffline14and44Reports-95B3F6D5-BA00-F011-BAE3-7C1E528247C3.json
SendanEmailtoSubmittersforInProgressCSI,"Runs when called by another app, flow, or system. Connects to: Office 365 Outlook (email); SharePoint. This flow loops through a list of records, makes decisions based on conditions.",Request,,Office 365 Outlook (email); SharePoint,Site: https://zebra.sharepoint.com/sites/StrategicInnovationandAutomation,,,,,,Get_items (uses a connector to do something) -> Apply_to_each (repeats steps for each item in a list) -> EmailTo (builds/holds data for later use) -> EmailCC (builds/holds data for later use) -> Get_MeetingNotes (uses a connector to do something) -> Condition (checks a condition and branches) -> LastMeetingNote_Text (builds/holds data for later use) -> LastMeetingNote_Date (builds/holds data for later use) -> LastUpdate_HTML (builds/holds data for later use) -> Send_an_email_(V2) (uses a connector to do something) -> Delay (pauses the flow),SendanEmailtoSubmittersforInProgressCSI-5EB50E84-D863-F111-A826-7CED8DD7139C.json
SendCSIMeetingInvite,"Runs when called by another app, flow, or system. Connects to: Office 365 Outlook (email).",Request,,Office 365 Outlook (email),,,,,,,Create_event_(V4) (uses a connector to do something),SendCSIMeetingInvite-8569DA9D-D837-F111-88B5-000D3A8F644D.json
SIASubmitFormToEMail,Trigger type: OpenApiConnection. Connects to: Office 365 Outlook (email); SharePoint. This flow loops through a list of records.,OpenApiConnection,,Office 365 Outlook (email); SharePoint,,,,,,,SubmitterEmail (builds/holds data for later use) -> UserEmail (builds/holds data for later use) -> Send_an_email_(V2) (uses a connector to do something) -> Compose (builds/holds data for later use) -> SplitSupplier (builds/holds data for later use) -> SplitInput (builds/holds data for later use) -> SplitProcess (builds/holds data for later use) -> SplitOutput (builds/holds data for later use) -> SplitCustomers (builds/holds data for later use) -> Applytoeach (repeats steps for each item in a list) -> ComposeRow (builds/holds data for later use) -> Append_to_string_variable (AppendToStringVariable) -> Increment_variable (IncrementVariable) -> LoopIndex (creates a variable) -> TableBody (creates a variable) -> ComposeSIPOC (builds/holds data for later use) -> ComposeMaxLength (builds/holds data for later use) -> ComposeRange (builds/holds data for later use) -> ComposeOpportunityStatement (builds/holds data for later use) -> ProblemStatement (creates a variable) -> GoalStatement (creates a variable) -> CurrentWorking (creates a variable) -> ExpectedBenefit (creates a variable) -> SustainmentPlan (creates a variable) -> ToolsUsed (creates a variable) -> LessonLearned (creates a variable) -> ComposeExpectedToolsLessons (builds/holds data for later use) -> Attachment (builds/holds data for later use),SIASubmitFormToEMail-4AB22AD5-7C05-F011-BAE2-7C1E528247C3.json
SIAUpdateFormToEMail,Trigger type: OpenApiConnection. Connects to: Office 365 Outlook (email); SharePoint. This flow loops through a list of records.,OpenApiConnection,,Office 365 Outlook (email); SharePoint,,,,,,,SubmitterEmail (builds/holds data for later use) -> UserEmail (builds/holds data for later use) -> Send_an_email_(V2) (uses a connector to do something) -> Compose (builds/holds data for later use) -> SplitSupplier (builds/holds data for later use) -> SplitInput (builds/holds data for later use) -> SplitProcess (builds/holds data for later use) -> SplitOutput (builds/holds data for later use) -> SplitCustomers (builds/holds data for later use) -> Applytoeach (repeats steps for each item in a list) -> ComposeRow (builds/holds data for later use) -> Append_to_string_variable (AppendToStringVariable) -> Increment_variable (IncrementVariable) -> LoopIndex (creates a variable) -> TableBody (creates a variable) -> ComposeSIPOC (builds/holds data for later use) -> ComposeMaxLength (builds/holds data for later use) -> ComposeRange (builds/holds data for later use) -> ComposeOpportunityStatement (builds/holds data for later use) -> ProblemStatement (creates a variable) -> GoalStatement (creates a variable) -> CurrentWorking (creates a variable) -> ExpectedBenefit (creates a variable) -> SustainmentPlan (creates a variable) -> ToolsUsed (creates a variable) -> LessonsLearned (creates a variable) -> ComposeExpectedToolsLessons (builds/holds data for later use) -> Attachment (builds/holds data for later use) -> SplitProcessPOST (builds/holds data for later use) -> SplitOutputPOST (builds/holds data for later use) -> ComposeSIPOCPOST (builds/holds data for later use) -> ApplytoeachPOST (repeats steps for each item in a list) -> ComposeRowPOST (builds/holds data for later use) -> Append_to_string_variablePOST (AppendToStringVariable) -> Increment_variablePOST (IncrementVariable) -> SplitSupplierPOST (builds/holds data for later use) -> SplitInputPOST (builds/holds data for later use) -> SplitCustomersPOST (builds/holds data for later use) -> ComposeMaxLengthPOST (builds/holds data for later use) -> ComposeRangePOST (builds/holds data for later use) -> LoopIndexPOST (creates a variable) -> TableBodyPOST (creates a variable),SIAUpdateFormToEMail-11F8E0D4-7C05-F011-BAE2-6045BDD3BDDA.json
UpdateEXOTrackerOnceaDay,"Runs when called by another app, flow, or system. Connects to: Excel Online; SharePoint. This flow loops through a list of records, makes decisions based on conditions.",Request,,Excel Online; SharePoint,Site: https://zebra.sharepoint.com/sites/StrategicInnovationandAutomation,,,,,,Get_items (uses a connector to do something) -> Apply_to_each (repeats steps for each item in a list) -> List_rows_present_in_a_table (uses a connector to do something) -> Condition (checks a condition and branches) -> Apply_to_each_2 (repeats steps for each item in a list) -> Update_a_row (uses a connector to do something),UpdateEXOTrackerOnceaDay-9154F33D-0F63-F111-A826-000D3A8F644D.json
UpdateO365UsersListforMDMUserAccessManagement,"Runs automatically on a schedule. Connects to: Microsoft Teams; Office 365 Outlook (email); SharePoint. This flow loops through a list of records, has error-handling logic.",Recurrence,"Every 1 week(s) on Monday, Tuesday, Wednesday, Thursday, Friday, Saturday at 04:30 (UTC)",Microsoft Teams; Office 365 Outlook (email); SharePoint,Site: https://zebra.sharepoint.com/sites/StrategicInnovationandAutomation || Site: https://zebra.sharepoint.com/sites/StrategicInnovationandAutomation | Item/Folder: @items('Apply_to_each_-_ToDelete')?['ID'],,,,,,Scope (groups steps (often error handling)) -> Do_until (repeats steps until a condition is met) -> Loop_Each_Direct_Report (repeats steps for each item in a list) -> Append_to_FinalTeamArray (adds an item to a list in memory) -> Add_this_person_to_the_Queue (adds an item to a list in memory) -> Get_Report_Profile (uses a connector to do something) -> CurrentUserUPN (updates a variable) -> Get_Manager_Profile (uses a connector to do something) -> Get_Direct_Reports (uses a connector to do something) -> UsersToProcess (updates a variable) -> TempQueue (updates a variable) -> Get_Existing_SP_Items (uses a connector to do something) -> Apply_to_each_-_ToDelete (repeats steps for each item in a list) -> Delete_item (uses a connector to do something) -> Loop_Create_SP_Items (repeats steps for each item in a list) -> Create_item (uses a connector to do something) -> Error_Handling (groups steps (often error handling)) -> Filter_array (filters a list of records) -> COMPOSE-ERROR_MESSAGE (builds/holds data for later use) -> Post_message_in_a_chat_or_channel (uses a connector to do something) -> Get_user_profile_(V2) (uses a connector to do something) -> Initialize-UsersToProcess (creates a variable) -> Initialize-FinalTeamArray (creates a variable) -> Initialize-CurrentUserUPN (creates a variable) -> Initialize-TempQueue (creates a variable),UpdateO365UsersListforMDMUserAccessManagement-D0B352BF-8665-F111-A826-000D3A8F644D.json
WEDNESDAYRMGLOSTWIPEPFWOfflineGT1444DaysaspertheRe,"Runs automatically on a schedule. Connects to: Microsoft Teams; Office 365 Outlook (email); Power BI; SharePoint. This flow makes decisions based on conditions, has error-handling logic, builds a report (CSV/HTML table).",Recurrence,Every 1 week(s) on Wednesday at 16:15 (Central Europe Standard Time) [Starts: 2025-05-28T08:30:00Z],Microsoft Teams; Office 365 Outlook (email); Power BI; SharePoint,Site: https://zebra.sharepoint.com/sites/DMSBAExternal | Item/Folder: /Shared Documents/RMG/LOST AND STOLEN/LOST/PFWD/INFORMED || Site: https://zebra.sharepoint.com/sites/DMSBAExternal | Item/Folder: /Shared Documents/RMG/LOST AND STOLEN/WIPE/PFWD/INFORMED,,,,,,Master_Scope (groups steps (often error handling)) -> Scope_Count_Offline_Devices (groups steps (often error handling)) -> RMG_PFW_LOST_Offline_MoreThan_44_Days (uses a connector to do something) -> Compose_Count_44Days (builds/holds data for later use) -> RMG_PFW_Offline_MoreThan_14_Days (uses a connector to do something) -> Compose_Count_14ays (builds/holds data for later use) -> Scope_PFW_Offline_44_Days (groups steps (often error handling)) -> Condition (checks a condition and branches) -> Run_a_query_against_a_dataset (uses a connector to do something) -> Select (reshapes a list of records) -> Create_HTML_table (builds a CSV/HTML report) -> Compose_Email (builds/holds data for later use) -> Create_CSV_table (builds a CSV/HTML report) -> Select_for_SharePoint (reshapes a list of records) -> Create_file (uses a connector to do something) -> Create_CSV_table_for_SharePoint (builds a CSV/HTML report) -> Scope_PFW_Offline_14_Days (groups steps (often error handling)) -> ConditionOfflineGT14Days (checks a condition and branches) -> Run_a_query_against_a_dataset_14Days (uses a connector to do something) -> Select_14_Days (reshapes a list of records) -> Select_for_SharePoint_14Days (reshapes a list of records) -> Create_HTML_table_14Days (builds a CSV/HTML report) -> Compose_Email_14Days (builds/holds data for later use) -> Create_CSV_table_14Days (builds a CSV/HTML report) -> Create_CSV_table_for_SharePoint_14Days (builds a CSV/HTML report) -> Create_file_14Days (uses a connector to do something) -> ConditionGT14 (checks a condition and branches) -> ConditionGT44 (checks a condition and branches) -> Send_an_email_(V2)_GT14GT44 (uses a connector to do something) -> Send_an_email_(V2)_GT14 (uses a connector to do something) -> ConditionGT44_1 (checks a condition and branches) -> Send_an_email_(V2)_GT44 (uses a connector to do something) -> Error_Handling (groups steps (often error handling)) -> FAILED_Send_an_email_(V2) (uses a connector to do something) -> Post_message_in_a_chat_or_channel (uses a connector to do something) -> TO (builds/holds data for later use) -> CC (builds/holds data for later use),WEDNESDAYRMGLOSTWIPEPFWOfflineGT1444DaysaspertheRe-C5E28D6A-4A3D-F011-B4CB-6045BDD3BDDA.json
WEDNESDAYRMGLOSTWIPERMLOfflineGT1444DaysaspertheRe,"Runs automatically on a schedule. Connects to: Microsoft Teams; Office 365 Outlook (email); Power BI; SharePoint. This flow makes decisions based on conditions, has error-handling logic, builds a report (CSV/HTML table).",Recurrence,Every 1 week(s) on Wednesday at 16:30 (Central Europe Standard Time) [Starts: 2025-05-28T08:30:00Z],Microsoft Teams; Office 365 Outlook (email); Power BI; SharePoint,Site: https://zebra.sharepoint.com/sites/DMSBAExternal | Item/Folder: /Shared Documents/RMG/LOST AND STOLEN/LOST/RML/INFORMED || Site: https://zebra.sharepoint.com/sites/DMSBAExternal | Item/Folder: /Shared Documents/RMG/LOST AND STOLEN/WIPE/RML/INFORMED,,,,,,Master_Scope (groups steps (often error handling)) -> Scope_Count_Offline_Devices (groups steps (often error handling)) -> RMG_RML_Offline_MoreThan_14_Days_as_per_the_Redlands_Data (uses a connector to do something) -> Compose_Count_14Days (builds/holds data for later use) -> RMG_RML_LOST_Offline_MoreThan_44_Days_as_per_the_Redlands_Data (uses a connector to do something) -> Compose_Count_44Days (builds/holds data for later use) -> Scope_RML_Offline_14Days (groups steps (often error handling)) -> Condition (checks a condition and branches) -> Run_a_query_against_a_dataset (uses a connector to do something) -> Select (reshapes a list of records) -> Select_for_SharePoint (reshapes a list of records) -> Create_HTML_table (builds a CSV/HTML report) -> Compose_Email (builds/holds data for later use) -> Create_CSV_table (builds a CSV/HTML report) -> Create_CSV_table_for_SharePoint (builds a CSV/HTML report) -> Create_file (uses a connector to do something) -> Scope_RML_Offline_44_Days (groups steps (often error handling)) -> Condition_44Days (checks a condition and branches) -> Run_a_query_against_a_dataset_44Days (uses a connector to do something) -> Select_44Days (reshapes a list of records) -> Select_for_SharePoint_44Days (reshapes a list of records) -> Create_HTML_table_44Days (builds a CSV/HTML report) -> Compose_Email_44Days (builds/holds data for later use) -> Create_CSV_table_44Days (builds a CSV/HTML report) -> Create_CSV_table_for_SharePoint_44Days (builds a CSV/HTML report) -> Create_file_44Days (uses a connector to do something) -> Send_an_email_(V2) (uses a connector to do something) -> Error_Handling (groups steps (often error handling)) -> FAILED_Send_an_email_(V2) (uses a connector to do something) -> Post_message_in_a_chat_or_channel (uses a connector to do something) -> Scope (groups steps (often error handling)) -> Post_message_in_a_chat_or_channel_1 (uses a connector to do something),WEDNESDAYRMGLOSTWIPERMLOfflineGT1444DaysaspertheRe-810E99C0-8D67-F011-BEC2-0022482F23C8.json
XPOFOUNDFolderClean-Up,"Runs automatically on a schedule. Connects to: Azure Key Vault (secrets/passwords); Microsoft Teams; Office 365 Outlook (email); Power BI. This flow loops through a list of records, makes decisions based on conditions, has error-handling logic, calls an external API/website, builds a report (CSV/HTML table).",Recurrence,Every 1 day(s) at 09:05 (UTC) [Starts: 2025-12-19T09:00:00Z],Azure Key Vault (secrets/passwords); Microsoft Teams; Office 365 Outlook (email); Power BI,,,,,https://mlmsti45a.zebra.com/MobiControl/api/devices/@{items('Apply_to_each')?['Device ID']} || https://mlmsti45a.zebra.com/MobiControl/api/token,,HTTP (calls an external website or API) -> ClientIDSecret (creates a variable) -> EncodeSecret (builds/holds data for later use) -> UID (creates a variable) -> Password (creates a variable) -> TokenParse_JSON (reads structured data from a previous step) -> Get_secret_ClientID (uses a connector to do something) -> Get_secret_ClientCS (uses a connector to do something) -> EmailTo (builds/holds data for later use) -> EmailCC (builds/holds data for later use) -> Scope (groups steps (often error handling)) -> ConditionOfflineGT7Days (checks a condition and branches) -> Post_message_in_a_chat_or_channel_1 (uses a connector to do something) -> XPOFoundDevices (uses a connector to do something) -> SelectXPOOfflineMoreThan40Days (reshapes a list of records) -> Create_HTML_table (builds a CSV/HTML report) -> Compose (builds/holds data for later use) -> ConditionListOfOfflineGT7Days (checks a condition and branches) -> Create_CSV_table (builds a CSV/HTML report) -> Apply_to_each (repeats steps for each item in a list) -> HTTP_DeleteDevice (calls an external website or API) -> Send_an_email_(V2) (uses a connector to do something) -> AccessToken (creates a variable) -> XPOCountFoundDevices (uses a connector to do something) -> Offlinemorethan7days (creates a variable) -> ReplyTo (builds/holds data for later use) -> CatchError (groups steps (often error handling)) -> Post_message_in_a_chat_or_channel_2 (uses a connector to do something) -> Filter_array (filters a list of records) -> Error_Message (builds/holds data for later use) -> Get_secretpswd (uses a connector to do something) -> Get_secretuid (uses a connector to do something) -> Post_message_in_a_chat_or_channel_3 (uses a connector to do something),XPOFOUNDFolderClean-Up-F14FB0AB-860E-F111-8406-7C1E525A880A.json
XPOLostOffline40DaysDeletionandReporting,"Runs automatically on a schedule. Connects to: Azure Key Vault (secrets/passwords); Microsoft Teams; Office 365 Outlook (email); Power BI. This flow loops through a list of records, makes decisions based on conditions, has error-handling logic, calls an external API/website, builds a report (CSV/HTML table).",Recurrence,Every 1 day(s) at 15:00 (UTC) [Starts: 2025-12-18T14:00:00Z],Azure Key Vault (secrets/passwords); Microsoft Teams; Office 365 Outlook (email); Power BI,,,,,https://mlmsti45a.zebra.com/MobiControl/api/devices/@{items('Apply_to_each')?['Device ID']} || https://mlmsti45a.zebra.com/MobiControl/api/token,,HTTP (calls an external website or API) -> ClientIDSecret (creates a variable) -> EncodeSecret (builds/holds data for later use) -> UID (creates a variable) -> Password (creates a variable) -> TokenParse_JSON (reads structured data from a previous step) -> Get_secret_ClientID (uses a connector to do something) -> Get_secret_ClientCS (uses a connector to do something) -> EmailTo (builds/holds data for later use) -> EmailCC (builds/holds data for later use) -> Error_Handling (groups steps (often error handling)) -> Post_message_in_a_chat_or_channel (uses a connector to do something) -> FAILED_Send_an_email_(V2) (uses a connector to do something) -> Scope (groups steps (often error handling)) -> Condition_PreDeletionList (checks a condition and branches) -> Post_message_in_a_chat_or_channel_1 (uses a connector to do something) -> Apply_to_each (repeats steps for each item in a list) -> HTTP_DeleteDevice (calls an external website or API) -> Send_an_email_(V2) (uses a connector to do something) -> XPOCountMoreThan40DaysOffline (uses a connector to do something) -> Offlinemorethan40days (creates a variable) -> XPOOfflineGT40Days (uses a connector to do something) -> SelectXPOOfflineMoreThan40Days (reshapes a list of records) -> Create_HTML_table (builds a CSV/HTML report) -> Compose (builds/holds data for later use) -> Create_CSV_table (builds a CSV/HTML report) -> Getsecretuid (uses a connector to do something) -> Getsecretpswd (uses a connector to do something) -> Compose_-_DeviceCount (builds/holds data for later use) -> AccessToken (creates a variable),XPOLostOffline40DaysDeletionandReporting-F2CF9786-52DB-F011-8544-6045BDD64A0D.json
XPORefreshStockVisibilityandReporting,Runs automatically on a schedule. Connects to: Microsoft Teams; Power BI. This flow has error-handling logic.,Recurrence,Every 1 day(s) at 13:15 (UTC) [Starts: 2025-05-05T15:00:00Z],Microsoft Teams; Power BI,,,,,,,Error_Handling (groups steps (often error handling)) -> Post_message_in_a_chat_or_channel (uses a connector to do something) -> Filter_array (filters a list of records) -> Error_Message (builds/holds data for later use) -> Scope (groups steps (often error handling)) -> Refresh_a_dataset (uses a connector to do something),XPORefreshStockVisibilityandReporting-E491CC6B-CAF6-F011-8406-7CED8D210053.json
XPORMACleanUpasperRepairData,"Runs automatically on a schedule. Connects to: Azure Key Vault (secrets/passwords); Microsoft Teams; Office 365 Outlook (email); Power BI. This flow loops through a list of records, makes decisions based on conditions, has error-handling logic, calls an external API/website, builds a report (CSV/HTML table).",Recurrence,Every 1 day(s) at 10:05 (UTC) [Starts: 2025-12-19T09:00:00Z],Azure Key Vault (secrets/passwords); Microsoft Teams; Office 365 Outlook (email); Power BI,,,,,https://mlmsti45a.zebra.com/MobiControl/api/devices/@{items('Apply_to_each')?['Device ID']} || https://mlmsti45a.zebra.com/MobiControl/api/token,,HTTP (calls an external website or API) -> ClientIDSecret (creates a variable) -> EncodeSecret (builds/holds data for later use) -> TokenParse_JSON (reads structured data from a previous step) -> Get_secret_ClientID (uses a connector to do something) -> Get_secret_ClientCS (uses a connector to do something) -> EmailTo (builds/holds data for later use) -> EmailCC (builds/holds data for later use) -> Error_Handling (groups steps (often error handling)) -> Post_message_in_a_chat_or_channel (uses a connector to do something) -> FAILED_Send_an_email_(V2) (uses a connector to do something) -> Scope (groups steps (often error handling)) -> Condition_PreDeletionList (checks a condition and branches) -> Post_message_in_a_chat_or_channel_1 (uses a connector to do something) -> Apply_to_each (repeats steps for each item in a list) -> HTTP_DeleteDevice (calls an external website or API) -> Send_an_email_(V2) (uses a connector to do something) -> AccessToken (creates a variable) -> XPOCountRMAReceivedByZebra (uses a connector to do something) -> Offlinemorethan40days (creates a variable) -> XPORMAReceivedByZebra (uses a connector to do something) -> SelectXPOOfflineMoreThan40Days (reshapes a list of records) -> Create_HTML_table (builds a CSV/HTML report) -> Compose (builds/holds data for later use) -> Create_CSV_table (builds a CSV/HTML report) -> Get_secretUID (uses a connector to do something) -> Get_secretPSWD (uses a connector to do something) -> Compose_-_DeviceCount (builds/holds data for later use) -> Delay (pauses the flow),XPORMACleanUpasperRepairData-00944C7C-F2DB-F011-8544-6045BDD64A0D.json
XPOSOTIDevicesGroupPathID,"Runs automatically on a schedule. Connects to: Azure Key Vault (secrets/passwords); Microsoft Teams; SharePoint. This flow loops through a list of records, has error-handling logic, calls an external API/website.",Recurrence,Every 1 day(s) at 09:00 (UTC),Azure Key Vault (secrets/passwords); Microsoft Teams; SharePoint,Site: https://zebra.sharepoint.com/sites/StrategicInnovationandAutomation || Site: https://zebra.sharepoint.com/sites/StrategicInnovationandAutomation | Item/Folder: @items('For_each')?['ID'],,,,https://mlmsti45a.zebra.com/MobiControl/api/devicegroups?filter=path:contains(Lost) || https://mlmsti45a.zebra.com/MobiControl/api/token,,HTTP (calls an external website or API) -> ClientIDSecret (creates a variable) -> EncodeSecret (builds/holds data for later use) -> UID (creates a variable) -> TokenParse_JSON (reads structured data from a previous step) -> AccessToken (creates a variable) -> Get_secret_ClientIDSecret (uses a connector to do something) -> Delay (pauses the flow) -> Get_secretPSWD (uses a connector to do something) -> HTTP_GetDeviceGroupPathID (calls an external website or API) -> Parse_JSON (reads structured data from a previous step) -> Get_items (uses a connector to do something) -> For_each (repeats steps for each item in a list) -> Delete_item (uses a connector to do something) -> Scope (groups steps (often error handling)) -> Apply_to_each (repeats steps for each item in a list) -> Create_item (uses a connector to do something) -> Delay_1 (pauses the flow) -> CatchError (groups steps (often error handling)) -> Post_message_in_a_chat_or_channel_1 (uses a connector to do something) -> Filter_array (filters a list of records) -> Error_Message (builds/holds data for later use) -> Get_secret-pswd (uses a connector to do something),XPOSOTIDevicesGroupPathID-23CA8B19-6FDB-F011-8544-7C1E5267A40E.json
XPOSOTILicenseInformation,"Runs automatically on a schedule. Connects to: Azure Key Vault (secrets/passwords); Microsoft Teams; Office 365 Outlook (email); SharePoint. This flow loops through a list of records, has error-handling logic, calls an external API/website.",Recurrence,Every 1 day(s) at 01:00 (UTC),Azure Key Vault (secrets/passwords); Microsoft Teams; Office 365 Outlook (email); SharePoint,Site: https://zebra.sharepoint.com/sites/StrategicInnovationandAutomation || Site: https://zebra.sharepoint.com/sites/StrategicInnovationandAutomation | Item/Folder: @items('For_each')?['ID'],,,,https://mlmsti45a.zebra.com:443/MobiControl/api/license || https://mlmsti45a.zebra.com:443/MobiControl/api/token,,Get_secret_ClientIDSecret (uses a connector to do something) -> Get_secretPSWD (uses a connector to do something) -> EmailTO (builds/holds data for later use) -> EmailCC (builds/holds data for later use) -> Scope (groups steps (often error handling)) -> HTTP_License (calls an external website or API) -> Parse_JSON (reads structured data from a previous step) -> Compose (builds/holds data for later use) -> Get_items (uses a connector to do something) -> For_each (repeats steps for each item in a list) -> Update_item (uses a connector to do something) -> ClientIDSecret (creates a variable) -> UID (creates a variable) -> Password (creates a variable) -> EncodeSecret (builds/holds data for later use) -> HTTP (calls an external website or API) -> TokenParse_JSON (reads structured data from a previous step) -> AccessToken (creates a variable) -> Error_Handling (groups steps (often error handling)) -> Post_message_in_a_chat_or_channel (uses a connector to do something) -> FAILED_Send_an_email_(V2) (uses a connector to do something),XPOSOTILicenseInformation-62AF019D-E2DB-F011-8544-6045BDD64A0D.json
